0,WHEN ARE THE DATES OF THE GRADUATION CEREMONY DETERMINED,*,*,University Website Deanship of Student Affairs,graduatedstudents.aiml
0,HOW CAN I FIND OUT THE DATES OF THE GRADUATION CEREMONY,*,*,<srai>When are the dates of the graduation ceremony determined</srai>,graduatedstudents.aiml
0,WHERE CAN I GET INFORMATION ABOUT THE GRADUATION CEREMONY DATES,*,*,<srai>When are the dates of the graduation ceremony determined</srai>,graduatedstudents.aiml
0,CAN YOU TELL ME WHEN THE GRADUATION CEREMONY DATES ARE DECIDED,*,*,<srai>When are the dates of the graduation ceremony determined</srai>,graduatedstudents.aiml
0,WHAT IS THE PROCESS FOR DETERMINING THE DATES OF THE GRADUATION CEREMONY,*,*,<srai>When are the dates of the graduation ceremony determined</srai>,graduatedstudents.aiml
0,WHERE SHOULD I CHECK FOR UPDATES ON THE GRADUATION CEREMONY DATES,*,*,<srai>When are the dates of the graduation ceremony determined</srai>,graduatedstudents.aiml
0,ARE THERE ANY TRAINING COURSES DURING THE SUMMER SEMESTER,*,*,Yes#Comma there are training courses and workshops remotely,graduatedstudents.aiml
0,CAN I TAKE TRAINING COURSES DURING THE SUMMER SEMESTER,*,*,<srai>Are there any training courses during the summer semester</srai>,graduatedstudents.aiml
0,IS IT POSSIBLE TO ENROLL IN TRAINING COURSES IN THE SUMMER SEMESTER,*,*,<srai>Are there any training courses during the summer semester</srai>,graduatedstudents.aiml
0,ARE THERE ANY WORKSHOPS OFFERED IN THE SUMMER SEMESTER,*,*,<srai>Are there any training courses during the summer semester</srai>,graduatedstudents.aiml
0,CAN I PARTICIPATE IN REMOTE TRAINING COURSES DURING THE SUMMER SEMESTER,*,*,<srai>Are there any training courses during the summer semester</srai>,graduatedstudents.aiml
0,IS THERE AN OPPORTUNITY FOR SUMMER SEMESTER TRAINING PROGRAMS,*,*,<srai>Are there any training courses during the summer semester</srai>,graduatedstudents.aiml
0,ARE TRAINING WORKSHOPS AVAILABLE IN THE SUMMER SEMESTER,*,*,<srai>Are there any training courses during the summer semester</srai>,graduatedstudents.aiml
0,IS THERE A CHANCE TO ATTEND TRAINING SESSIONS IN THE SUMMER SEMESTER,*,*,<srai>Are there any training courses during the summer semester</srai>,graduatedstudents.aiml
0,CAN I REGISTER FOR TRAINING COURSES DURING THE SUMMER TERM,*,*,<srai>Are there any training courses during the summer semester</srai>,graduatedstudents.aiml
0,ARE TRAINING OPPORTUNITIES AVAILABLE IN THE SUMMER SEMESTER,*,*,<srai>Are there any training courses during the summer semester</srai>,graduatedstudents.aiml
0,IS THERE A CHANCE FOR REMOTE TRAINING IN THE SUMMER SEMESTER,*,*,<srai>Are there any training courses during the summer semester</srai>,graduatedstudents.aiml
0,CAN I TAKE PART IN ANY TRAINING ACTIVITIES IN THE SUMMER SEMESTER,*,*,<srai>Are there any training courses during the summer semester</srai>,graduatedstudents.aiml
0,ARE THERE REMOTE LEARNING OPPORTUNITIES FOR TRAINING IN THE SUMMER SEMESTER,*,*,<srai>Are there any training courses during the summer semester</srai>,graduatedstudents.aiml
0,IS IT POSSIBLE TO ENGAGE IN TRAINING PROGRAMS DURING THE SUMMER SEMESTER,*,*,<srai>Are there any training courses during the summer semester</srai>,graduatedstudents.aiml
0,ARE THERE ANY ONLINE TRAINING COURSES OFFERED IN THE SUMMER SEMESTER,*,*,<srai>Are there any training courses during the summer semester</srai>,graduatedstudents.aiml
0,IS THERE A CHANCE TO PARTICIPATE IN SUMMER SEMESTER TRAINING,*,*,<srai>Are there any training courses during the summer semester</srai>,graduatedstudents.aiml
