0,I HAVE PLACEMENT TEST SCORES AT ANOTHER UNIVERSITY CAN I EQUALIZE THEM AND BE EXEMPTED FROM TAKING THE PLACEMENT TEST AT THE UNIVERSITY,*,*,Yes: by bringing an original transcript from the university and reviewing the relevant registrar (on campus).#Newline        <button>#Newline            <text>Find more here</text>#Newline            <url>https://hu.edu.jo/unitCenter/index.aspx?typ=67&amp;unitid=40000000</url>#Newline        </button>,regesteration2.aiml
0,I HAVE PLACEMENT TEST SCORES AT ANOTHER UNIVERSITY. CAN I EQUALIZE THEM AND BE EXLUDED FROM TAKING THE PLACEMENT TEST AT THE HASHEMITE UNIVERSITY,*,*,<srai>I have placement test scores at another university. Can I equalize them and be exempted from taking the placement test at the university</srai>,regesteration2.aiml
0,CAN I SKIP THE PLACEMENT TEST WITH SCORES FROM ANOTHER UNIVERSITY,*,*,<srai>I have placement test scores at another university. Can I equalize them and be exempted from taking the placement test at the university</srai>,regesteration2.aiml
0,CAN I USE MY PLACEMENT TEST SCORES FROM A DIFFERENT UNIVERSITY TO GET EXEMPTED FROM THE PLACEMENT TEST AT THIS UNIVERSITY,*,*,<srai>I have placement test scores at another university. Can I equalize them and be exempted from taking the placement test at the university</srai>,regesteration2.aiml
0,IS IT POSSIBLE TO TRANSFER MY PLACEMENT TEST RESULTS FROM ANOTHER UNIVERSITY AND AVOID TAKING THE PLACEMENT TEST HERE,*,*,<srai>I have placement test scores at another university. Can I equalize them and be exempted from taking the placement test at the university</srai>,regesteration2.aiml
0,HOW CAN I HAVE MY PLACEMENT TEST SCORES FROM ANOTHER UNIVERSITY CONSIDERED FOR EXEMPTION HERE,*,*,<srai>I have placement test scores at another university. Can I equalize them and be exempted from taking the placement test at the university</srai>,regesteration2.aiml
0,WHAT'S THE PROCESS TO EQUALIZE PLACEMENT TEST SCORES FROM ANOTHER UNIVERSITY FOR EXEMPTION HERE,*,*,<srai>I have placement test scores at another university. Can I equalize them and be exempted from taking the placement test at the university</srai>,regesteration2.aiml
0,HOW TO GET EXEMPTED FROM THE PLACEMENT TEST USING SCORES FROM ANOTHER UNIVERSITY,*,*,<srai>I have placement test scores at another university. Can I equalize them and be exempted from taking the placement test at the university</srai>,regesteration2.aiml
0,IS IT POSSIBLE TO BE EXCUSED FROM TAKING THE PLACEMENT TEST HERE WITH SCORES FROM ANOTHER UNIVERSITY,*,*,<srai>I have placement test scores at another university. Can I equalize them and be exempted from taking the placement test at the university</srai>,regesteration2.aiml
0,HOW TO TRANSFER PLACEMENT TEST RESULTS FROM ANOTHER UNIVERSITY FOR EXEMPTION,*,*,<srai>I have placement test scores at another university. Can I equalize them and be exempted from taking the placement test at the university</srai>,regesteration2.aiml
0,WHAT'S THE PROCEDURE FOR USING PLACEMENT TEST SCORES FROM ANOTHER UNIVERSITY TO GET EXEMPTED,*,*,<srai>I have placement test scores at another university. Can I equalize them and be exempted from taking the placement test at the university</srai>,regesteration2.aiml
0,HOW TO HAVE MY PLACEMENT TEST SCORES FROM ANOTHER UNIVERSITY REVIEWED FOR EXEMPTION HERE,*,*,<srai>I have placement test scores at another university. Can I equalize them and be exempted from taking the placement test at the university</srai>,regesteration2.aiml
0,IS A NEW STUDENT REQUIRED TO COME TO THE UNIVERSITY TO REGISTER FOR ACADEMIC SCHEDULING,*,*,No: registration is electronic and there is no need to attend the university#Newline        <button>#Newline            <text>find more here</text>#Newline            <url>https://hu.edu.jo/unitCenter/index.aspx?typ=273&amp;unitid=40000000</url>#Newline        </button>,regesteration2.aiml
0,DO THE NEW STUDENT HAVE TO COME TO THE UNIVERSITY TO REGISTER,*,*,<srai>Is a new student required to come to the university to register for academic scheduling</srai>,regesteration2.aiml
0,DO I NEED TO VISIT THE UNIVERSITY TO REGISTER FOR ACADEMIC SCHEDULING AS A NEW STUDENT,*,*,<srai>Is a new student required to come to the university to register for academic scheduling</srai>,regesteration2.aiml
0,IS PHYSICAL PRESENCE AT THE UNIVERSITY MANDATORY FOR NEW STUDENTS TO REGISTER FOR ACADEMIC SCHEDULING,*,*,<srai>Is a new student required to come to the university to register for academic scheduling</srai>,regesteration2.aiml
0,MUST I BE PRESENT AT THE UNIVERSITY FOR ACADEMIC SCHEDULING REGISTRATION AS A NEW STUDENT,*,*,<srai>Is a new student required to come to the university to register for academic scheduling</srai>,regesteration2.aiml
0,CAN I COMPLETE THE ACADEMIC SCHEDULING REGISTRATION WITHOUT VISITING THE UNIVERSITY AS A NEW STUDENT,*,*,<srai>Is a new student required to come to the university to register for academic scheduling</srai>,regesteration2.aiml
0,IS PHYSICAL ATTENDANCE NECESSARY FOR NEW STUDENTS TO REGISTER FOR ACADEMIC SCHEDULING AT THE UNIVERSITY,*,*,<srai>Is a new student required to come to the university to register for academic scheduling</srai>,regesteration2.aiml
0,IS IT COMPULSORY FOR NEW STUDENTS TO BE ON-SITE AT THE UNIVERSITY FOR ACADEMIC SCHEDULING REGISTRATION,*,*,<srai>Is a new student required to come to the university to register for academic scheduling</srai>,regesteration2.aiml
0,DO I HAVE TO BE PRESENT IN PERSON AT THE UNIVERSITY TO REGISTER FOR ACADEMIC SCHEDULING AS A NEW STUDENT,*,*,<srai>Is a new student required to come to the university to register for academic scheduling</srai>,regesteration2.aiml
0,IS IT A REQUIREMENT FOR NEW STUDENTS TO ATTEND THE UNIVERSITY FOR ACADEMIC SCHEDULING REGISTRATION,*,*,<srai>Is a new student required to come to the university to register for academic scheduling</srai>,regesteration2.aiml
0,IS IT NECESSARY TO VISIT THE UNIVERSITY FOR ACADEMIC SCHEDULING REGISTRATION AS A NEW STUDENT,*,*,<srai>Is a new student required to come to the university to register for academic scheduling</srai>,regesteration2.aiml
0,CAN I COMPLETE THE ACADEMIC SCHEDULING REGISTRATION WITHOUT COMING TO THE UNIVERSITY AS A NEW STUDENT,*,*,<srai>Is a new student required to come to the university to register for academic scheduling</srai>,regesteration2.aiml
0,DO I HAVE TO PERSONALLY APPEAR AT THE UNIVERSITY FOR ACADEMIC SCHEDULING REGISTRATION AS A NEW STUDENT,*,*,<srai>Is a new student required to come to the university to register for academic scheduling</srai>,regesteration2.aiml
0,IS IT MANDATORY FOR NEW STUDENTS TO SHOW UP AT THE UNIVERSITY FOR ACADEMIC SCHEDULING REGISTRATION,*,*,<srai>Is a new student required to come to the university to register for academic scheduling</srai>,regesteration2.aiml
0,IS PHYSICAL ATTENDANCE AT THE UNIVERSITY A MUST FOR NEW STUDENTS TO REGISTER FOR ACADEMIC SCHEDULING,*,*,<srai>Is a new student required to come to the university to register for academic scheduling</srai>,regesteration2.aiml
0,DO I NEED TO BE PHYSICALLY PRESENT AT THE UNIVERSITY FOR ACADEMIC SCHEDULING REGISTRATION AS A NEW STUDENT,*,*,<srai>Is a new student required to come to the university to register for academic scheduling</srai>,regesteration2.aiml
0,IS IT OBLIGATORY FOR NEW STUDENTS TO COME IN PERSON TO THE UNIVERSITY FOR ACADEMIC SCHEDULING REGISTRATION,*,*,<srai>Is a new student required to come to the university to register for academic scheduling</srai>,regesteration2.aiml
0,IS IT A REQUIREMENT FOR NEW STUDENTS TO ATTEND THE UNIVERSITY IN PERSON FOR ACADEMIC SCHEDULING REGISTRATION,*,*,<srai>Is a new student required to come to the university to register for academic scheduling</srai>,regesteration2.aiml
0,MUST I PHYSICALLY GO TO THE UNIVERSITY FOR ACADEMIC SCHEDULING REGISTRATION AS A NEW STUDENT,*,*,<srai>Is a new student required to come to the university to register for academic scheduling</srai>,regesteration2.aiml
0,IS PHYSICAL PRESENCE AT THE UNIVERSITY A CONDITION FOR NEW STUDENTS TO REGISTER FOR ACADEMIC SCHEDULING,*,*,<srai>Is a new student required to come to the university to register for academic scheduling</srai>,regesteration2.aiml
0,DO NEW STUDENTS HAVE TO BE PHYSICALLY PRESENT AT THE UNIVERSITY FOR ACADEMIC SCHEDULING REGISTRATION,*,*,<srai>Is a new student required to come to the university to register for academic scheduling</srai>,regesteration2.aiml
0,IS IT COMPULSORY FOR NEW STUDENTS TO APPEAR ON CAMPUS FOR ACADEMIC SCHEDULING REGISTRATION AT THE UNIVERSITY,*,*,<srai>Is a new student required to come to the university to register for academic scheduling</srai>,regesteration2.aiml
0,HOW TO SUBMIT A TRANSFER REQUEST TO THE UNIVERSITY,*,*,New students through unified admission (unified admission website). Old students. #Newline        The announcement is made through the university portal once every year#Comma according to the university’s instructions#Comma#Newline        and the transfer takes place at the beginning of each academic year.#Newline        <button>#Newline            <text>find more here</text>#Newline            <url>https://hu.edu.jo/unitCenter/index.aspx?typ=51&amp;unitid=40000000</url>#Newline        </button>#Newline        <button>#Newline            <text>unified admission website</text>#Newline            <url>https://www.mohe.gov.jo/EN/Pages/Unified_Admission_Unit</url>#Newline        </button>,regesteration2.aiml
0,HOW TO TRANSFER TO THE HASHEMITE UNIVERSITY,*,*,<srai>How to submit a transfer request to the university</srai>,regesteration2.aiml
0,WHAT IS THE PROCESS FOR SUBMITTING A TRANSFER REQUEST TO THE UNIVERSITY,*,*,<srai>How to submit a transfer request to the university</srai>,regesteration2.aiml
0,CAN YOU GUIDE ME ON TRANSFERRING TO THE UNIVERSITY,*,*,<srai>How to submit a transfer request to the university</srai>,regesteration2.aiml
0,HOW CAN I REQUEST A TRANSFER TO THE UNIVERSITY,*,*,<srai>How to submit a transfer request to the university</srai>,regesteration2.aiml
0,HOW DO I INITIATE A TRANSFER REQUEST TO THE UNIVERSITY,*,*,<srai>How to submit a transfer request to the university</srai>,regesteration2.aiml
0,WHAT ARE THE STEPS TO REQUEST A TRANSFER TO THE UNIVERSITY,*,*,<srai>How to submit a transfer request to the university</srai>,regesteration2.aiml
0,IS THERE A PROCEDURE FOR TRANSFERRING TO THE UNIVERSITY,*,*,<srai>How to submit a transfer request to the university</srai>,regesteration2.aiml
0,WHAT IS THE METHOD FOR TRANSFERRING TO THE UNIVERSITY,*,*,<srai>How to submit a transfer request to the university</srai>,regesteration2.aiml
0,HOW TO APPLY FOR A TRANSFER TO THE UNIVERSITY,*,*,<srai>How to submit a transfer request to the university</srai>,regesteration2.aiml
0,HOW CAN I TRANSFER TO THE UNIVERSITY,*,*,<srai>How to submit a transfer request to the university</srai>,regesteration2.aiml
0,IS IT POSSIBLE TO SWITCH TO THE UNIVERSITY FROM ANOTHER INSTITUTION,*,*,<srai>How to submit a transfer request to the university</srai>,regesteration2.aiml
0,WHAT ARE THE STEPS FOR TRANSFERRING TO THE UNIVERSITY,*,*,<srai>How to submit a transfer request to the university</srai>,regesteration2.aiml
0,CAN YOU EXPLAIN THE TRANSFER PROCESS TO THE UNIVERSITY,*,*,<srai>How to submit a transfer request to the university</srai>,regesteration2.aiml
0,HOW DO I APPLY FOR A TRANSFER TO THE UNIVERSITY,*,*,<srai>How to submit a transfer request to the university</srai>,regesteration2.aiml
0,WHAT IS THE APPLICATION PROCEDURE FOR TRANSFERRING TO THE UNIVERSITY,*,*,<srai>How to submit a transfer request to the university</srai>,regesteration2.aiml
0,IS THERE A SPECIFIC WAY TO TRANSFER TO THE UNIVERSITY,*,*,<srai>How to submit a transfer request to the university</srai>,regesteration2.aiml
0,HOW CAN I REQUEST TO TRANSFER TO THE UNIVERSITY,*,*,<srai>How to submit a transfer request to the university</srai>,regesteration2.aiml
0,ARE THERE ANY REQUIREMENTS FOR TRANSFERRING TO THE UNIVERSITY,*,*,<srai>How to submit a transfer request to the university</srai>,regesteration2.aiml
0,CAN YOU GUIDE ME ON TRANSFERRING TO THE UNIVERSITY FROM ANOTHER INSTITUTION,*,*,<srai>How to submit a transfer request to the university</srai>,regesteration2.aiml
0,WHAT IS THE PROCESS FOR TRANSFERRING TO THE UNIVERSITY FROM A DIFFERENT SCHOOL,*,*,<srai>How to submit a transfer request to the university</srai>,regesteration2.aiml
0,HOW TO TRANSFER TO THE UNIVERSITY FROM ANOTHER COLLEGE,*,*,<srai>How to submit a transfer request to the university</srai>,regesteration2.aiml
0,WHEN IS THE ELECTRONIC APPLICATION FOR ADMISSION TO PARALLEL AND INTERNATIONAL PROGRAMS SUBMITTED BY THE STUDENT CANCELED IF HE IS ACCEPTED,*,*,If it exceeds the period announced in the acceptance announcement.#Newline            <button>#Newline                <text>find more here</text>#Newline                <url>https://hu.edu.jo/unitCenter/index.aspx?typ=51&amp;unitid=40000000</url>#Newline            </button>,regesteration2.aiml
0,WHEN IS THE ELECTRONIC APPLICATION FOR ADMISSION TO PARALLEL AND INTERNATIONAL PROGRAMS IS CANCELED,*,*,<srai>When is the electronic application for admission to parallel and international programs submitted by the student canceled if he is accepted</srai>,regesteration2.aiml
0,WHAT IS THE TIME FRAME FOR ACCEPTED STUDENTS TO COMPLETE THEIR ELECTRONIC APPLICATIONS FOR PARALLEL AND INTERNATIONAL PROGRAMS,*,*,<srai>When is the electronic application for admission to parallel and international programs submitted by the student canceled if he is accepted</srai>,regesteration2.aiml
0,CAN A STUDENT EXTEND THE VALIDITY OF THEIR ELECTRONIC APPLICATION FOR PARALLEL AND INTERNATIONAL PROGRAMS,*,*,<srai>When is the electronic application for admission to parallel and international programs submitted by the student canceled if he is accepted</srai>,regesteration2.aiml
0,WHAT IS THE GRACE PERIOD FOR STUDENTS TO COMPLETE THEIR ELECTRONIC APPLICATIONS FOR PARALLEL AND INTERNATIONAL PROGRAMS AFTER BEING ACCEPTED,*,*,<srai>When is the electronic application for admission to parallel and international programs submitted by the student canceled if he is accepted</srai>,regesteration2.aiml
0,ARE THERE ANY EXCEPTIONS FOR STUDENTS WHO CAN'T COMPLETE THEIR ELECTRONIC APPLICATIONS FOR PARALLEL AND INTERNATIONAL PROGRAMS IN TIME,*,*,<srai>When is the electronic application for admission to parallel and international programs submitted by the student canceled if he is accepted</srai>,regesteration2.aiml
0,WHAT SHOULD STUDENTS DO IF THEIR ELECTRONIC APPLICATION FOR PARALLEL AND INTERNATIONAL PROGRAMS IS ABOUT TO EXPIRE,*,*,<srai>When is the electronic application for admission to parallel and international programs submitted by the student canceled if he is accepted</srai>,regesteration2.aiml
0,IS IT POSSIBLE TO REAPPLY IF THE ELECTRONIC APPLICATION FOR PARALLEL AND INTERNATIONAL PROGRAMS IS CANCELED,*,*,<srai>When is the electronic application for admission to parallel and international programs submitted by the student canceled if he is accepted</srai>,regesteration2.aiml
0,WHAT HAPPENS IF A STUDENT MISSES THE DEADLINE FOR COMPLETING THEIR ELECTRONIC APPLICATION FOR PARALLEL AND INTERNATIONAL PROGRAMS,*,*,<srai>When is the electronic application for admission to parallel and international programs submitted by the student canceled if he is accepted</srai>,regesteration2.aiml
0,ARE THERE ANY CONSEQUENCES FOR NOT SUBMITTING THE ELECTRONIC APPLICATION FOR PARALLEL AND INTERNATIONAL PROGRAMS ON TIME,*,*,<srai>When is the electronic application for admission to parallel and international programs submitted by the student canceled if he is accepted</srai>,regesteration2.aiml
0,HOW IS THE EXPIRATION DATE OF ELECTRONIC APPLICATIONS FOR PARALLEL AND INTERNATIONAL PROGRAMS DETERMINED,*,*,<srai>When is the electronic application for admission to parallel and international programs submitted by the student canceled if he is accepted</srai>,regesteration2.aiml
0,WHAT ARE THE IMPLICATIONS OF NOT COMPLETING THE ELECTRONIC APPLICATION FOR PARALLEL AND INTERNATIONAL PROGRAMS ON TIME,*,*,<srai>When is the electronic application for admission to parallel and international programs submitted by the student canceled if he is accepted</srai>,regesteration2.aiml
0,HOW ARE COURSES REGISTERED FOR NEW STUDENTS,*,*,The student registers through admission and registration#Comma#Newline             after attemping to the placement test open your portal and look for the schedual#Comma#Newline              in another it is(automatic). #Newline              <button>#Newline                  <text>go to portal</text>#Newline                  <url>https://reg2.hu.edu.jo/Default.aspx</url>#Newline              </button>,regesteration2.aiml
0,WHAT IS THE PROCESS OF COURSE REGISTRATION FOR NEW STUDENTS,*,*,<srai>How are courses registered for new students</srai>,regesteration2.aiml
0,HOW CAN NEW STUDENTS REGISTER FOR COURSES,*,*,<srai>How are courses registered for new students</srai>,regesteration2.aiml
0,CAN YOU EXPLAIN THE COURSE REGISTRATION PROCEDURE FOR NEW STUDENTS,*,*,<srai>How are courses registered for new students</srai>,regesteration2.aiml
0,IS THERE A SPECIFIC WAY FOR NEW STUDENTS TO REGISTER FOR COURSES,*,*,<srai>How are courses registered for new students</srai>,regesteration2.aiml
0,WHAT ARE THE STEPS TO ENROLL IN COURSES FOR NEW STUDENTS,*,*,<srai>How are courses registered for new students</srai>,regesteration2.aiml
0,HOW DO NEW STUDENTS SIGN UP FOR COURSES,*,*,<srai>How are courses registered for new students</srai>,regesteration2.aiml
0,HOW IS COURSE REGISTRATION CARRIED OUT FOR NEW STUDENTS,*,*,<srai>How are courses registered for new students</srai>,regesteration2.aiml
0,WHAT IS THE REGISTRATION PROCESS FOR COURSES FOR NEW STUDENTS,*,*,<srai>How are courses registered for new students</srai>,regesteration2.aiml
0,ARE THERE SPECIFIC INSTRUCTIONS FOR NEW STUDENTS REGARDING COURSE REGISTRATION,*,*,<srai>How are courses registered for new students</srai>,regesteration2.aiml
0,CAN YOU GUIDE NEW STUDENTS ON HOW TO REGISTER FOR COURSES,*,*,<srai>How are courses registered for new students</srai>,regesteration2.aiml
0,WHAT IS THE PROCEDURE FOR COURSE REGISTRATION FOR NEW STUDENTS,*,*,<srai>How are courses registered for new students</srai>,regesteration2.aiml
0,HOW DO I ENROLL IN COURSES AS A NEW STUDENT,*,*,<srai>How are courses registered for new students</srai>,regesteration2.aiml
0,HOW CAN I SIGN UP FOR COURSES WHEN I'M A NEW STUDENT,*,*,<srai>How are courses registered for new students</srai>,regesteration2.aiml
0,CAN YOU GUIDE ME THROUGH THE COURSE REGISTRATION PROCESS AS A NEW STUDENT,*,*,<srai>How are courses registered for new students</srai>,regesteration2.aiml
0,WHAT'S THE COURSE REGISTRATION METHOD FOR NEW STUDENTS,*,*,<srai>How are courses registered for new students</srai>,regesteration2.aiml
0,HOW TO GET STARTED WITH COURSE REGISTRATION AS A NEW STUDENT,*,*,<srai>How are courses registered for new students</srai>,regesteration2.aiml
0,HOW DO I ACCESS COURSE REGISTRATION AS A NEW STUDENT,*,*,<srai>How are courses registered for new students</srai>,regesteration2.aiml
0,ARE THERE ANY SPECIFIC STEPS FOR NEW STUDENTS TO REGISTER FOR COURSES,*,*,<srai>How are courses registered for new students</srai>,regesteration2.aiml
0,HOW DO NEW STUDENTS BEGIN THE COURSE REGISTRATION PROCESS,*,*,<srai>How are courses registered for new students</srai>,regesteration2.aiml
0,IS THERE A GUIDE FOR NEW STUDENTS ON COURSE REGISTRATION,*,*,<srai>How are courses registered for new students</srai>,regesteration2.aiml
0,WHAT'S THE PROCEDURE TO ENROLL IN COURSES AS A NEW STUDENT,*,*,<srai>How are courses registered for new students</srai>,regesteration2.aiml
0,HOW TO INITIATE COURSE REGISTRATION AS A NEW STUDENT,*,*,<srai>How are courses registered for new students</srai>,regesteration2.aiml
0,WHAT STEPS DO NEW STUDENTS NEED TO FOLLOW FOR COURSE REGISTRATION,*,*,<srai>How are courses registered for new students</srai>,regesteration2.aiml
0,HOW CAN I ACCESS COURSE REGISTRATION FOR NEW STUDENTS,*,*,<srai>How are courses registered for new students</srai>,regesteration2.aiml
0,WHAT'S THE PROCESS FOR COURSE REGISTRATION FOR NEW STUDENTS LIKE,*,*,<srai>How are courses registered for new students</srai>,regesteration2.aiml
0,WHAT IS THE DIFFERENCE BETWEEN THE COUNTRY OF THE CERTIFICATE AND THE NATIONALITY OF THE CERTIFICATE?WHAT IS THE DIFFERENCE BETWEEN THE COUNTRY OF THE CERTIFICATE AND THE NATIONALITY OF THE CERTIFICATE,*,*,The country of the certificate#Comma the country from which this certificate is issued#Comma and the nationality of the certificate according to the study classification at the Ministry of Education.#Newline     <button>#Newline                <text>find more here</text>#Newline                <url>https://hu.edu.jo/unitCenter/index.aspx?typ=51&amp;unitid=40000000</url>#Newline            </button>,regesteration2.aiml
0,EXPLAIN THE DISTINCTION BETWEEN THE COUNTRY OF THE CERTIFICATE AND THE NATIONALITY OF THE CERTIFICATE,*,*,<srai>What is the difference between the country of the certificate and the nationality of the certificate</srai>,regesteration2.aiml
0,CAN YOU CLARIFY THE DISPARITY BETWEEN THE COUNTRY OF THE CERTIFICATE AND THE NATIONALITY OF THE CERTIFICATE,*,*,<srai>What is the difference between the country of the certificate and the nationality of the certificate</srai>,regesteration2.aiml
0,HOW DO THE COUNTRY OF THE CERTIFICATE AND THE NATIONALITY OF THE CERTIFICATE DIFFER,*,*,<srai>What is the difference between the country of the certificate and the nationality of the certificate</srai>,regesteration2.aiml
0,IS THERE A CONTRAST BETWEEN THE COUNTRY OF THE CERTIFICATE AND THE NATIONALITY OF THE CERTIFICATE,*,*,<srai>What is the difference between the country of the certificate and the nationality of the certificate</srai>,regesteration2.aiml
0,WHAT IS THE DISTINCTION BETWEEN THE COUNTRY OF THE CERTIFICATE AND THE NATIONALITY OF THE CERTIFICATE IN ACADEMIC TERMS,*,*,<srai>What is the difference between the country of the certificate and the nationality of the certificate</srai>,regesteration2.aiml
0,HOW ARE THE COUNTRY OF THE CERTIFICATE AND THE NATIONALITY OF THE CERTIFICATE DEFINED,*,*,<srai>What is the difference between the country of the certificate and the nationality of the certificate</srai>,regesteration2.aiml
0,CAN YOU DIFFERENTIATE BETWEEN THE COUNTRY OF THE CERTIFICATE AND THE NATIONALITY OF THE CERTIFICATE,*,*,<srai>What is the difference between the country of the certificate and the nationality of the certificate</srai>,regesteration2.aiml
0,WHAT'S THE DISPARITY BETWEEN THE COUNTRY OF THE CERTIFICATE AND THE NATIONALITY OF THE CERTIFICATE,*,*,<srai>What is the difference between the country of the certificate and the nationality of the certificate</srai>,regesteration2.aiml
0,HOW ARE THE COUNTRY OF THE CERTIFICATE AND THE NATIONALITY OF THE CERTIFICATE RELATED,*,*,<srai>What is the difference between the country of the certificate and the nationality of the certificate</srai>,regesteration2.aiml
0,HOW CAN A STUDENT SUBMIT AN APPLICATION FOR ADMISSION FROM OUTSIDE JORDAN,*,*,On the university’s website - admission and registration - apply for admission to the university.#Newline            <button>#Newline                <text>apply for admission to the university</text>#Newline                <url>https://apl.hu.edu.jo/</url>#Newline            </button>,regesteration2.aiml
0,EXPLAIN THE DISPARITY BETWEEN THE COUNTRY OF THE CERTIFICATE AND THE NATIONALITY OF THE CERTIFICATE,*,*,<srai>What is the difference between the country of the certificate and the nationality of the certificate</srai>,regesteration2.aiml
0,CAN YOU CLARIFY THE DISTINCTION BETWEEN THE COUNTRY OF THE CERTIFICATE AND THE NATIONALITY OF THE CERTIFICATE,*,*,<srai>What is the difference between the country of the certificate and the nationality of the certificate</srai>,regesteration2.aiml
0,WHAT SEPARATES THE COUNTRY OF THE CERTIFICATE FROM THE NATIONALITY OF THE CERTIFICATE,*,*,<srai>What is the difference between the country of the certificate and the nationality of the certificate</srai>,regesteration2.aiml
0,HOW DO THE COUNTRY OF THE CERTIFICATE AND THE NATIONALITY OF THE CERTIFICATE DIFFER ACADEMICALLY,*,*,<srai>What is the difference between the country of the certificate and the nationality of the certificate</srai>,regesteration2.aiml
0,IS THERE A CONTRAST BETWEEN THE COUNTRY OF THE CERTIFICATE AND THE NATIONALITY OF THE CERTIFICATE IN EDUCATIONAL TERMS,*,*,<srai>What is the difference between the country of the certificate and the nationality of the certificate</srai>,regesteration2.aiml
0,WHAT IS THE DISTINCTION BETWEEN THE COUNTRY OF THE CERTIFICATE AND THE NATIONALITY OF THE CERTIFICATE FROM AN ACADEMIC PERSPECTIVE,*,*,<srai>What is the difference between the country of the certificate and the nationality of the certificate</srai>,regesteration2.aiml
0,HOW ARE THE COUNTRY OF THE CERTIFICATE AND THE NATIONALITY OF THE CERTIFICATE CONTRASTED IN EDUCATIONAL CONTEXTS,*,*,<srai>What is the difference between the country of the certificate and the nationality of the certificate</srai>,regesteration2.aiml
0,CAN YOU DIFFERENTIATE BETWEEN THE COUNTRY OF THE CERTIFICATE AND THE NATIONALITY OF THE CERTIFICATE IN TERMS OF ACADEMICS,*,*,<srai>What is the difference between the country of the certificate and the nationality of the certificate</srai>,regesteration2.aiml
0,WHAT'S THE DIFFERENCE BETWEEN THE COUNTRY OF THE CERTIFICATE AND THE NATIONALITY OF THE CERTIFICATE EDUCATIONALLY,*,*,<srai>What is the difference between the country of the certificate and the nationality of the certificate</srai>,regesteration2.aiml
0,HOW ARE THE COUNTRY OF THE CERTIFICATE AND THE NATIONALITY OF THE CERTIFICATE DISTINGUISHED IN ACADEMIC DISCUSSIONS,*,*,<srai>What is the difference between the country of the certificate and the nationality of the certificate</srai>,regesteration2.aiml
0,WHAT IS THE CUMULATIVE GPA AND HOW IS IT CALCULATED,*,*,The sum of the marks for each subject divided by the number of hours and the sum is divided by the total number of hours#Newline        (all the subjects studied at the university in all semesters#Comma #Newline        which are counted in the average).<break/>#Newline        you can use the calculator in this app to calculate it for you easily.,regesteration2.aiml
0,EXPLAIN CUMULATIVE GPA AND ITS CALCULATION,*,*,<srai>What is the cumulative GPA and how is it calculated</srai>,regesteration2.aiml
0,HOW TO COMPUTE THE CUMULATIVE GPA,*,*,<srai>What is the cumulative GPA and how is it calculated</srai>,regesteration2.aiml
0,WHAT'S THE METHOD FOR CALCULATING CUMULATIVE GPA,*,*,<srai>What is the cumulative GPA and how is it calculated</srai>,regesteration2.aiml
0,CAN YOU GUIDE ME THROUGH CUMULATIVE GPA AND ITS CALCULATION,*,*,<srai>What is the cumulative GPA and how is it calculated</srai>,regesteration2.aiml
0,HOW IS THE CUMULATIVE GPA DETERMINED,*,*,<srai>What is the cumulative GPA and how is it calculated</srai>,regesteration2.aiml
0,EXPLAIN THE PROCESS OF CALCULATING CUMULATIVE GPA,*,*,<srai>What is the cumulative GPA and how is it calculated</srai>,regesteration2.aiml
0,WHAT IS THE FORMULA FOR CALCULATING CUMULATIVE GPA,*,*,<srai>What is the cumulative GPA and how is it calculated</srai>,regesteration2.aiml
0,HOW TO CALCULATE THE CUMULATIVE GPA,*,*,<srai>What is the cumulative GPA and how is it calculated</srai>,regesteration2.aiml
0,CAN YOU EXPLAIN THE CUMULATIVE GPA CALCULATION,*,*,<srai>What is the cumulative GPA and how is it calculated</srai>,regesteration2.aiml
0,IS THE UNIVERSITY RECOGNIZED AND IS IT AN OFFICIAL OR PRIVATE UNIVERSITY,*,*,It is recognized and an official university#Newline        <button>#Newline            <text>visit website</text>#Newline            <url>https://hu.edu.jo/</url>#Newline        </button>,regesteration2.aiml
0,IS THE UNIVERSITY OFFICIALLY RECOGNIZED,*,*,<srai>Is the university recognized and is it an official or private university</srai>,regesteration2.aiml
0,IS IT A RECOGNIZED AND OFFICIAL UNIVERSITY,*,*,<srai>Is the university recognized and is it an official or private university</srai>,regesteration2.aiml
0,IS THE UNIVERSITY PRIVATE OR OFFICIAL,*,*,<srai>Is the university recognized and is it an official or private university</srai>,regesteration2.aiml
0,IS THE UNIVERSITY PUBLICLY RECOGNIZED,*,*,<srai>Is the university recognized and is it an official or private university</srai>,regesteration2.aiml
0,IS IT AN OFFICIAL AND RECOGNIZED UNIVERSITY,*,*,<srai>Is the university recognized and is it an official or private university</srai>,regesteration2.aiml
0,IS THE UNIVERSITY ACKNOWLEDGED AND OFFICIAL,*,*,<srai>Is the university recognized and is it an official or private university</srai>,regesteration2.aiml
0,IS IT A RECOGNIZED AND OFFICIAL EDUCATIONAL INSTITUTION,*,*,<srai>Is the university recognized and is it an official or private university</srai>,regesteration2.aiml
0,IS IT A PRIVATE OR OFFICIALLY RECOGNIZED UNIVERSITY,*,*,<srai>Is the university recognized and is it an official or private university</srai>,regesteration2.aiml
0,IS THE INSTITUTION OFFICIALLY RECOGNIZED,*,*,<srai>Is the university recognized and is it an official or private university</srai>,regesteration2.aiml
0,IS IT A PUBLICLY RECOGNIZED AND OFFICIAL UNIVERSITY,*,*,<srai>Is the university recognized and is it an official or private university</srai>,regesteration2.aiml
0,WHAT IS THE SEMESTER AVERAGE AND HOW IS IT CALCULATED,*,*,The sum of the marks for each subject divided by the number of hours and the sum is#Newline        divided by the total number of hours (all subjects studied during the semester).<break/>#Newline        you can use the calculater in this app to calculate it for you eaisly.,regesteration2.aiml
0,HOW TO CALCULATE THE SEMESTER AVERAGE,*,*,The semester average is calculated by summing the marks for each subject and dividing the sum by the total number of hours (all subjects studied during the semester).<break/>#Newline        You can easily calculate it using the calculator in this app.,regesteration2.aiml
0,EXPLAIN THE CALCULATION OF THE SEMESTER AVERAGE,*,*,<srai>What is the semester average and how is it calculated</srai>,regesteration2.aiml
0,WHAT'S THE METHOD FOR COMPUTING THE SEMESTER AVERAGE,*,*,<srai>What is the semester average and how is it calculated</srai>,regesteration2.aiml
0,HOW IS THE SEMESTER AVERAGE DETERMINED,*,*,<srai>What is the semester average and how is it calculated</srai>,regesteration2.aiml
0,EXPLAIN THE PROCESS OF CALCULATING THE SEMESTER AVERAGE,*,*,<srai>What is the semester average and how is it calculated</srai>,regesteration2.aiml
0,WHAT IS THE FORMULA FOR CALCULATING THE SEMESTER AVERAGE,*,*,<srai>What is the semester average and how is it calculated</srai>,regesteration2.aiml
0,CAN YOU GUIDE ME THROUGH SEMESTER AVERAGE CALCULATION,*,*,<srai>What is the semester average and how is it calculated</srai>,regesteration2.aiml
0,HOW TO DETERMINE THE SEMESTER AVERAGE,*,*,<srai>What is the semester average and how is it calculated</srai>,regesteration2.aiml
0,HOW CAN I CALCULATE MY SEMESTER AVERAGE,*,*,<srai>What is the semester average and how is it calculated</srai>,regesteration2.aiml
0,WHAT'S THE SEMESTER AVERAGE CALCULATION METHOD,*,*,<srai>What is the semester average and how is it calculated</srai>,regesteration2.aiml
0,^ SEMESTER AVERAGE ^,*,*,<srai>What is the semester average and how is it calculated</srai>,regesteration2.aiml
0,^ SEMESTER GRADE ^,*,*,<srai>What is the semester average and how is it calculated</srai>,regesteration2.aiml
0,WHAT IS THE SPECIFIC TIME PERIOD FOR SUBMITTING AN APPLICATION FOR ADMISSION TO THE UNIVERSITY,*,*,it will be announced on the electronic portal#Newline          <button>#Newline                  <text>go to portal</text>#Newline                  <url>https://reg2.hu.edu.jo/Default.aspx</url>#Newline          </button>,regesteration2.aiml
0,WHEN WILL THE SPECIFIC TIME PERIOD FOR ADMISSION APPLICATION BE ANNOUNCED,*,*,The specific time period for submitting an application for admission to the university will be announced on the electronic portal.,regesteration2.aiml
0,HOW CAN I FIND OUT THE SPECIFIC TIME PERIOD FOR ADMISSION APPLICATION,*,*,<srai>What is the specific time period for submitting an application for admission to the university</srai>,regesteration2.aiml
0,WHERE CAN I GET INFORMATION ABOUT THE TIME PERIOD FOR ADMISSION APPLICATION,*,*,<srai>What is the specific time period for submitting an application for admission to the university</srai>,regesteration2.aiml
0,IS THERE A SPECIFIC TIME FRAME FOR APPLYING TO THE UNIVERSITY,*,*,<srai>What is the specific time period for submitting an application for admission to the university</srai>,regesteration2.aiml
0,HOW DO I KNOW WHEN TO SUBMIT AN APPLICATION FOR ADMISSION,*,*,<srai>What is the specific time period for submitting an application for admission to the university</srai>,regesteration2.aiml
0,WHEN IS THE DEADLINE FOR ADMISSION APPLICATIONS,*,*,<srai>What is the specific time period for submitting an application for admission to the university</srai>,regesteration2.aiml
0,WHAT IS THE TIMELINE FOR UNIVERSITY ADMISSION APPLICATIONS,*,*,<srai>What is the specific time period for submitting an application for admission to the university</srai>,regesteration2.aiml
0,IS THERE A SPECIFIC PERIOD FOR APPLYING TO THE UNIVERSITY,*,*,<srai>What is the specific time period for submitting an application for admission to the university</srai>,regesteration2.aiml
0,HOW CAN I FIND OUT THE APPLICATION PERIOD FOR THE UNIVERSITY,*,*,<srai>What is the specific time period for submitting an application for admission to the university</srai>,regesteration2.aiml
0,WHAT IS THE ADMISSION APPLICATION TIME FRAME,*,*,<srai>What is the specific time period for submitting an application for admission to the university</srai>,regesteration2.aiml
0,^ ADMISSION APPLICATION TIME ^,*,*,<srai>What is the specific time period for submitting an application for admission to the university</srai>,regesteration2.aiml
0,WHAT HAPPENS IF A STUDENT MISSES THE FINAL EXAM,*,*,An acceptable excuse must be presented to the dean of the college offering the subject#Newline        <ol>#Newline            <li>open your portal</li>#Newline            <li>go to marks</li>#Newline            <li>enter your execus</li>#Newline        </ol>#Newline        the time of enter the execus will be annouced on the official accounts of the univesity#Newline        <button>#Newline            <text>go to portal</text>#Newline            <url>https://reg2.hu.edu.jo/Default.aspx</url>#Newline        </button>,regesteration2.aiml
0,WHAT SHOULD I DO IF I MISS THE FINAL EXAM,*,*,If you miss the final exam#Comma you must present an acceptable excuse to the dean of the college offering the subject. Follow these steps:#Newline        <ol>#Newline            <li>Open your portal</li>#Newline            <li>Go to marks</li>#Newline            <li>Enter your excuse</li>#Newline        </ol>#Newline        The time for entering the excuse will be announced on the official university accounts.,regesteration2.aiml
0,WHAT IS THE PROCEDURE FOR MISSING THE FINAL EXAM,*,*,<srai>What happens if a student misses the final exam</srai>,regesteration2.aiml
0,WHAT HAPPENS WHEN A STUDENT CAN'T ATTEND THE FINAL EXAM,*,*,<srai>What happens if a student misses the final exam</srai>,regesteration2.aiml
0,IS THERE A WAY TO MAKE UP FOR MISSING THE FINAL EXAM,*,*,<srai>What happens if a student misses the final exam</srai>,regesteration2.aiml
0,WHAT TO DO IF I CAN'T ATTEND THE FINAL EXAM,*,*,<srai>What happens if a student misses the final exam</srai>,regesteration2.aiml
0,HOW CAN I MAKE UP FOR MISSING THE FINAL EXAM,*,*,<srai>What happens if a student misses the final exam</srai>,regesteration2.aiml
0,WHAT IF I MISS THE FINAL EXAM,*,*,<srai>What happens if a student misses the final exam</srai>,regesteration2.aiml
0,IS THERE A PROCESS FOR MISSING THE FINAL EXAM,*,*,<srai>What happens if a student misses the final exam</srai>,regesteration2.aiml
0,WHAT ARE THE STEPS FOR MISSING THE FINAL EXAM,*,*,<srai>What happens if a student misses the final exam</srai>,regesteration2.aiml
0,HOW TO HANDLE MISSING THE FINAL EXAM,*,*,<srai>What happens if a student misses the final exam</srai>,regesteration2.aiml
0,WHAT IS THE PROTOCOL FOR MISSING THE FINAL EXAM,*,*,<srai>What happens if a student misses the final exam</srai>,regesteration2.aiml
0,HOW IS A MISSED FINAL EXAM HANDLED,*,*,<srai>What happens if a student misses the final exam</srai>,regesteration2.aiml
0,WHAT ARE THE CONSEQUENCES OF MISSING THE FINAL EXAM,*,*,<srai>What happens if a student misses the final exam</srai>,regesteration2.aiml
0,WHAT SHOULD I DO IF I CAN'T MAKE IT TO THE FINAL EXAM,*,*,<srai>What happens if a student misses the final exam</srai>,regesteration2.aiml
0,WHAT IS THE PROCEDURE FOR EXAM MAKEUP AFTER MISSING THE FINAL EXAM,*,*,<srai>What happens if a student misses the final exam</srai>,regesteration2.aiml
0,IS THERE A WAY TO RESCHEDULE THE FINAL EXAM IF IT'S MISSED,*,*,<srai>What happens if a student misses the final exam</srai>,regesteration2.aiml
0,HOW CAN I REQUEST AN EXAM MAKEUP AFTER MISSING THE FINAL EXAM,*,*,<srai>What happens if a student misses the final exam</srai>,regesteration2.aiml
0,WHAT ARE THE OPTIONS FOR MAKING UP A MISSED FINAL EXAM,*,*,<srai>What happens if a student misses the final exam</srai>,regesteration2.aiml
0,HOW DOES THE UNIVERSITY HANDLE MISSED FINAL EXAMS,*,*,<srai>What happens if a student misses the final exam</srai>,regesteration2.aiml
0,WHAT IF I HAVE A VALID REASON FOR MISSING THE FINAL EXAM,*,*,<srai>What happens if a student misses the final exam</srai>,regesteration2.aiml
0,IS THERE AN EXAM MAKEUP POLICY FOR MISSED FINAL EXAMS,*,*,<srai>What happens if a student misses the final exam</srai>,regesteration2.aiml
0,CAN I REQUEST AN EXAM MAKEUP AFTER MISSING THE FINAL EXAM,*,*,<srai>What happens if a student misses the final exam</srai>,regesteration2.aiml
0,^ EXAM MAKEUP ^,*,*,<srai>What happens if a student misses the final exam</srai>,regesteration2.aiml
0,^ MISSING THE FINAL EXAM,*,*,<srai>What happens if a student misses the final exam</srai>,regesteration2.aiml
0,WHAT IS AN ACCEPTABLE EXCUSE,*,*,There are many cases of an acceptable excuse (university website - instructions for granting a bachelor’s degree and the student guide electronically)#Newline        <button>#Newline            <text>find more here</text>#Newline            <url>https://pic.hu.edu.jo/Upload/42000000/%D8%AA%D8%B9%D9%84%D9%8A%D9%85%D8%A7%D8%AA%20%D9%85%D9%86%D8%AD%20%D8%AF%D8%B1%D8%AC%D8%A9%20%D8%A7%D9%84%D8%A8%D9%83%D8%A7%D9%84%D9%88%D8%B1%D9%8A%D9%88%D8%B3%202016%D8%A2%D8%AE%D8%B1%20%D8%AA%D8%B9%D8%AF%D9%8A%D9%84%2027-2-2019.pdf</url>#Newline        </button>,regesteration2.aiml
0,WHAT ARE SOME VALID EXCUSES FOR MISSING AN EXAM,*,*,<srai>What is an acceptable excuse</srai>,regesteration2.aiml
0,CAN YOU PROVIDE EXAMPLES OF ACCEPTABLE EXCUSES,*,*,<srai>What is an acceptable excuse</srai>,regesteration2.aiml
0,WHAT QUALIFIES AS A VALID EXCUSE FOR MISSING AN EXAM,*,*,<srai>What is an acceptable excuse</srai>,regesteration2.aiml
0,HOW DO I KNOW IF MY EXCUSE IS ACCEPTABLE,*,*,<srai>What is an acceptable excuse</srai>,regesteration2.aiml
0,WHERE CAN I FIND INFORMATION ABOUT ACCEPTABLE EXCUSES,*,*,<srai>What is an acceptable excuse</srai>,regesteration2.aiml
0,IS THERE A LIST OF ACCEPTABLE EXCUSES FOR MISSING EXAMS,*,*,<srai>What is an acceptable excuse</srai>,regesteration2.aiml
0,HOW CAN I DETERMINE IF MY EXCUSE IS VALID,*,*,<srai>What is an acceptable excuse</srai>,regesteration2.aiml
0,WHAT DOCUMENTATION IS NEEDED FOR AN ACCEPTABLE EXCUSE,*,*,<srai>What is an acceptable excuse</srai>,regesteration2.aiml
0,HOW TO PROVIDE A VALID EXCUSE FOR MISSING AN EXAM,*,*,<srai>What is an acceptable excuse</srai>,regesteration2.aiml
0,WHAT IS THE UNIVERSITY'S POLICY ON ACCEPTABLE EXCUSES,*,*,<srai>What is an acceptable excuse</srai>,regesteration2.aiml
0,WHAT COUNTS AS A LEGITIMATE EXCUSE FOR EXAM ABSENCE,*,*,<srai>What is an acceptable excuse</srai>,regesteration2.aiml
0,IS THERE A FORMAL PROCESS FOR PROVIDING EXCUSES,*,*,<srai>What is an acceptable excuse</srai>,regesteration2.aiml
0,HOW TO REQUEST CONSIDERATION FOR AN EXCUSE,*,*,<srai>What is an acceptable excuse</srai>,regesteration2.aiml
0,WHAT ARE THE CONDITIONS FOR A VALID EXCUSE,*,*,<srai>What is an acceptable excuse</srai>,regesteration2.aiml
0,WHAT IS THE MAXIMUM AND MINIMUM LIMIT FOR THE SUBJECTS REGISTERED IN THE SEMESTER FOR BACHELOR’S STUDENT,*,*,<button>#Newline            <text>click here</text>#Newline            <url>https://pic.hu.edu.jo/Upload/42000000/%D8%AA%D8%B9%D9%84%D9%8A%D9%85%D8%A7%D8%AA%20%D9%85%D9%86%D8%AD%20%D8%AF%D8%B1%D8%AC%D8%A9%20%D8%A7%D9%84%D8%A8%D9%83%D8%A7%D9%84%D9%88%D8%B1%D9%8A%D9%88%D8%B3%202016%D8%A2%D8%AE%D8%B1%20%D8%AA%D8%B9%D8%AF%D9%8A%D9%84%2027-2-2019.pdf</url>#Newline        </button>,regesteration2.aiml
0,WHAT IS THE MAXIMUM NUMBER OF SUBJECTS I CAN REGISTER FOR IN A SEMESTER,*,*,<srai>What is the maximum and minimum limit for the subjects registered in the semester for bachelor’s student</srai>,regesteration2.aiml
0,IS THERE A LIMIT TO HOW MANY SUBJECTS I CAN REGISTER FOR IN A SEMESTER,*,*,<srai>What is the maximum and minimum limit for the subjects registered in the semester for bachelor’s student</srai>,regesteration2.aiml
0,WHAT IS THE MINIMUM NUMBER OF SUBJECTS I CAN REGISTER FOR IN A SEMESTER,*,*,<srai>What is the maximum and minimum limit for the subjects registered in the semester for bachelor’s student</srai>,regesteration2.aiml
0,CAN I CHOOSE ANY NUMBER OF SUBJECTS FOR A SEMESTER,*,*,<srai>What is the maximum and minimum limit for the subjects registered in the semester for bachelor’s student</srai>,regesteration2.aiml
0,IS THERE A MAXIMUM SUBJECT LIMIT PER SEMESTER FOR BACHELOR STUDENTS,*,*,<srai>What is the maximum and minimum limit for the subjects registered in the semester for bachelor’s student</srai>,regesteration2.aiml
0,WHAT IS THE SUBJECT REGISTRATION LIMIT FOR A BACHELOR'S STUDENT IN A SEMESTER,*,*,<srai>What is the maximum and minimum limit for the subjects registered in the semester for bachelor’s student</srai>,regesteration2.aiml
0,WHAT IS THE MAXIMUM COURSE LOAD FOR A SEMESTER,*,*,<srai>What is the maximum and minimum limit for the subjects registered in the semester for bachelor’s student</srai>,regesteration2.aiml
0,IS THERE A RESTRICTION ON THE NUMBER OF SUBJECTS IN A SEMESTER,*,*,<srai>What is the maximum and minimum limit for the subjects registered in the semester for bachelor’s student</srai>,regesteration2.aiml
0,HOW MANY SUBJECTS CAN A BACHELOR STUDENT ENROLL IN PER SEMESTER,*,*,<srai>What is the maximum and minimum limit for the subjects registered in the semester for bachelor’s student</srai>,regesteration2.aiml
0,WHAT IS THE SUBJECT REGISTRATION POLICY FOR BACHELOR'S STUDENTS,*,*,<srai>What is the maximum and minimum limit for the subjects registered in the semester for bachelor’s student</srai>,regesteration2.aiml
0,ARE THERE SUBJECT REGISTRATION LIMITS FOR BACHELOR STUDENTS,*,*,<srai>What is the maximum and minimum limit for the subjects registered in the semester for bachelor’s student</srai>,regesteration2.aiml
0,WHAT IS THE MAXIMUM CREDIT HOURS FOR A BACHELOR STUDENT IN A SEMESTER,*,*,<srai>What is the maximum and minimum limit for the subjects registered in the semester for bachelor’s student</srai>,regesteration2.aiml
0,HOW MANY SUBJECTS CAN I TAKE IN ONE SEMESTER AS A BACHELOR STUDENT,*,*,<srai>What is the maximum and minimum limit for the subjects registered in the semester for bachelor’s student</srai>,regesteration2.aiml
0,^ THE MAXIMUM CREDIT HOURS ^,*,*,<srai>What is the maximum and minimum limit for the subjects registered in the semester for bachelor’s student</srai>,regesteration2.aiml
0,WHAT IS THE UNIVERSITY CALENDAR,*,*,Specific dates for the academic year that are approved by the university’s council of deans (published on the university’s website)#Newline        <button>#Newline            <text>find it here</text>#Newline            <url>https://hu.edu.jo/unitCenter/index.aspx?typ=49&amp;unitid=40000000</url>#Newline        </button>,regesteration2.aiml
0,PLEASE PROVIDE ME THE UNIVERSITY CALENDAR,*,*,<srai>What is the university calendar</srai>,regesteration2.aiml
0,WHAT IS THE ACADEMIC CALENDAR,*,*,<srai>What is the university calendar</srai>,regesteration2.aiml
0,WHEN DOES THE UNIVERSITY ACADEMIC CALENDAR START,*,*,<srai>What is the university calendar</srai>,regesteration2.aiml
0,WHAT ARE THE KEY DATES IN THE UNIVERSITY CALENDAR,*,*,<srai>What is the university calendar</srai>,regesteration2.aiml
0,CAN YOU SHARE THE OFFICIAL UNIVERSITY CALENDAR,*,*,<srai>What is the university calendar</srai>,regesteration2.aiml
0,IS THERE AN ACADEMIC CALENDAR FOR THE UNIVERSITY,*,*,<srai>What is the university calendar</srai>,regesteration2.aiml
0,WHEN DOES THE ACADEMIC YEAR BEGIN AT THE UNIVERSITY,*,*,<srai>What is the university calendar</srai>,regesteration2.aiml
0,CAN YOU GIVE ME THE DATES FOR UNIVERSITY HOLIDAYS,*,*,<srai>What is the university calendar</srai>,regesteration2.aiml
0,WHAT ARE THE IMPORTANT DATES IN THE ACADEMIC CALENDAR,*,*,<srai>What is the university calendar</srai>,regesteration2.aiml
0,HOW CAN I ACCESS THE UNIVERSITY'S ACADEMIC SCHEDULE,*,*,<srai>What is the university calendar</srai>,regesteration2.aiml
0,WHEN DOES THE SEMESTER START,*,*,<srai>What is the university calendar</srai>,regesteration2.aiml
0,WHAT ARE THE KEY EVENTS ON THE ACADEMIC CALENDAR,*,*,<srai>What is the university calendar</srai>,regesteration2.aiml
0,HOW CAN I FIND THE UNIVERSITY'S ACADEMIC TIMETABLE,*,*,<srai>What is the university calendar</srai>,regesteration2.aiml
0,IS THE ACADEMIC CALENDAR AVAILABLE ONLINE,*,*,<srai>What is the university calendar</srai>,regesteration2.aiml
0,WHERE CAN I CHECK THE DATES FOR UNIVERSITY EVENTS,*,*,<srai>What is the university calendar</srai>,regesteration2.aiml
0,WHEN IS THE NEXT SEMESTER SCHEDULED TO BEGIN,*,*,<srai>What is the university calendar</srai>,regesteration2.aiml
0,WHAT ARE THE HOLIDAYS AT THE UNIVERSITY,*,*,<srai>What is the university calendar</srai>,regesteration2.aiml
0,HOW CAN I ACCESS THE ACADEMIC YEAR SCHEDULE,*,*,<srai>What is the university calendar</srai>,regesteration2.aiml
0,CAN YOU PROVIDE ME WITH THE UNIVERSITY'S ACADEMIC TIMETABLE,*,*,<srai>What is the university calendar</srai>,regesteration2.aiml
0,WHERE CAN I FIND THE ACADEMIC CALENDAR OF THE UNIVERSITY,*,*,<srai>What is the university calendar</srai>,regesteration2.aiml
0,WHAT ARE THE SEMESTER START DATES,*,*,<srai>What is the university calendar</srai>,regesteration2.aiml
0,WHAT IS THE PREREQUISITE,*,*,It is a subject that the student must study in order to be able to register for another subject (related to it).<break/>#Newline        you can find every subject prerequisite on the semester schedule #Newline        <button>#Newline            <text>The semester schedule</text>#Newline            <url>https://hu.edu.jo/unitCenter/class_a.aspx?unitid=40000000</url>#Newline        </button>,regesteration2.aiml
0,EXPLAIN WHAT A PREREQUISITE IS,*,*,<srai>What is the prerequisite</srai>,regesteration2.aiml
0,CAN YOU CLARIFY THE CONCEPT OF A PREREQUISITE SUBJECT,*,*,<srai>What is the prerequisite</srai>,regesteration2.aiml
0,HOW DO I KNOW WHICH SUBJECTS HAVE PREREQUISITES,*,*,<srai>What is the prerequisite</srai>,regesteration2.aiml
0,WHY ARE PREREQUISITES IMPORTANT IN COURSE REGISTRATION,*,*,<srai>What is the prerequisite</srai>,regesteration2.aiml
0,WHAT'S THE PURPOSE OF HAVING PREREQUISITE COURSES,*,*,<srai>What is the prerequisite</srai>,regesteration2.aiml
0,WHERE CAN I FIND INFORMATION ABOUT SUBJECT PREREQUISITES,*,*,<srai>What is the prerequisite</srai>,regesteration2.aiml
0,DO ALL SUBJECTS HAVE PREREQUISITES,*,*,<srai>What is the prerequisite</srai>,regesteration2.aiml
0,HOW CAN I CHECK IF I MEET THE PREREQUISITES FOR A COURSE,*,*,<srai>What is the prerequisite</srai>,regesteration2.aiml
0,EXPLAIN THE RELATIONSHIP BETWEEN PREREQUISITES AND COURSE REGISTRATION,*,*,<srai>What is the prerequisite</srai>,regesteration2.aiml
0,WHAT ARE SOME EXAMPLES OF PREREQUISITE SUBJECTS,*,*,<srai>What is the prerequisite</srai>,regesteration2.aiml
0,WHY ARE SOME SUBJECTS MARKED AS PREREQUISITES FOR OTHERS,*,*,<srai>What is the prerequisite</srai>,regesteration2.aiml
0,CAN YOU PROVIDE ME WITH A LIST OF SUBJECTS THAT REQUIRE PREREQUISITES,*,*,<srai>What is the prerequisite</srai>,regesteration2.aiml
0,HOW CAN I FIND OUT IF A SUBJECT HAS ANY PREREQUISITES,*,*,<srai>What is the prerequisite</srai>,regesteration2.aiml
0,WHEN DO I NEED TO FULFILL PREREQUISITE REQUIREMENTS FOR A COURSE,*,*,<srai>What is the prerequisite</srai>,regesteration2.aiml
0,DO PREREQUISITES VARY BY DEPARTMENT OR FACULTY,*,*,<srai>What is the prerequisite</srai>,regesteration2.aiml
0,ARE THERE EXCEPTIONS TO THE PREREQUISITE RULE,*,*,<srai>What is the prerequisite</srai>,regesteration2.aiml
0,HOW DO I KNOW IF I'M ELIGIBLE TO ENROLL IN A SUBJECT WITH PREREQUISITES,*,*,<srai>What is the prerequisite</srai>,regesteration2.aiml
0,ARE THERE ANY PREREQUISITES FOR ELECTIVE COURSES,*,*,<srai>What is the prerequisite</srai>,regesteration2.aiml
0,WHAT IF I HAVEN'T COMPLETED THE PREREQUISITE COURSES,*,*,<srai>What is the prerequisite</srai>,regesteration2.aiml
0,HOW CAN I VIEW PREREQUISITE INFORMATION FOR SPECIFIC SUBJECTS,*,*,<srai>What is the prerequisite</srai>,regesteration2.aiml
0,WHAT HAPPENS IF I REGISTER FOR A COURSE WITHOUT MEETING ITS PREREQUISITES,*,*,<srai>What is the prerequisite</srai>,regesteration2.aiml
0,CAN I APPEAL TO WAIVE PREREQUISITE REQUIREMENTS FOR A COURSE,*,*,<srai>What is the prerequisite</srai>,regesteration2.aiml
0,WHERE CAN I FIND A DETAILED LIST OF SUBJECT PREREQUISITES,*,*,<srai>What is the prerequisite</srai>,regesteration2.aiml
0,HOW CAN I DETERMINE THE PREREQUISITES FOR A SPECIFIC MAJOR,*,*,<srai>What is the prerequisite</srai>,regesteration2.aiml
0,WHAT IS THE STUDY PLAN,*,*,It is all subjects that the student will study at the university (compulsory#Comma elective#Comma free) according to the hours indicated therein#Newline        <button>#Newline            <text>find your study plan here</text>#Newline            <url>https://hu.edu.jo/en/unitcenter/indexreg.aspx?prgm=5001&amp;cid=56000000&amp;did=56030000&amp;unitid=40000000</url>#Newline        </button>,regesteration2.aiml
0,WHERE CAN I FIND THE STUDY PLAN,*,*,<srai>what is the study plan</srai>,regesteration2.aiml
0,EXPLAIN HOW THE STUDY PLAN WORKS,*,*,see here#Comma #Newline        <srai>What is the study plan</srai>,regesteration2.aiml
0,HOW IS THE STUDY PLAN STRUCTURED,*,*,<srai>What is the study plan</srai>,regesteration2.aiml
0,WHAT DOES THE STUDY PLAN INCLUDE,*,*,<srai>What is the study plan</srai>,regesteration2.aiml
0,CAN YOU PROVIDE MORE DETAILS ABOUT THE STUDY PLAN,*,*,<srai>What is the study plan</srai>,regesteration2.aiml
0,HOW DO I ACCESS MY PERSONALIZED STUDY PLAN,*,*,<srai>What is the study plan</srai>,regesteration2.aiml
0,WHAT ARE THE COMPONENTS OF A TYPICAL STUDY PLAN,*,*,<srai>What is the study plan</srai>,regesteration2.aiml
0,WHAT SUBJECTS ARE INCLUDED IN MY STUDY PLAN,*,*,<srai>What is the study plan</srai>,regesteration2.aiml
0,IS THE STUDY PLAN DIFFERENT FOR EACH MAJOR,*,*,yes#Comma #Newline        <srai>What is the study plan</srai>,regesteration2.aiml
0,ARE THERE ELECTIVE COURSES IN THE STUDY PLAN,*,*,yes#Comma #Newline        <srai>What is the study plan</srai>,regesteration2.aiml
0,WHERE CAN I VIEW MY STUDY PLAN DETAILS,*,*,<srai>What is the study plan</srai>,regesteration2.aiml
0,HOW CAN I TRACK MY PROGRESS WITH THE STUDY PLAN,*,*,<srai>What is the study plan</srai>,regesteration2.aiml
0,WHAT IF I WANT TO MAKE CHANGES TO MY STUDY PLAN,*,*,reviwe you section boss#Comma#Newline        <srai>What is the study plan</srai>,regesteration2.aiml
0,DO I NEED TO FOLLOW THE STUDY PLAN EXACTLY,*,*,yes#Comma#Newline        <srai>What is the study plan</srai>,regesteration2.aiml
0,HOW OFTEN IS THE STUDY PLAN UPDATED,*,*,you must follow the annoucments if there is any changes#Comma #Newline        <srai>What is the study plan</srai>,regesteration2.aiml
0,IS THE STUDY PLAN AVAILABLE FOR ALL ACADEMIC PROGRAMS,*,*,<srai>What is the study plan</srai>,regesteration2.aiml
0,WHAT IS THE STUDY PLAN FOR TRANSFER STUDENTS,*,*,<srai>What is the study plan</srai>,regesteration2.aiml
0,HOW CAN I FIND MY STUDY PLAN FOR THE CURRENT SEMESTER,*,*,<srai>What is the study plan</srai>,regesteration2.aiml
0,ARE THERE EXTRACURRICULAR ACTIVITIES, STUDENT CLUBS, AND A STUDENT UNION,*,*,Yes: Deanship of Student Affairs#Newline        <button>#Newline            <text>Deanship of Student</text>#Newline            <url>https://hu.edu.jo/facnew/index.aspx?typ=71&amp;unitid=70000000</url>#Newline        </button>,regesteration2.aiml
0,WHAT EXTRACURRICULAR ACTIVITIES ARE AVAILABLE FOR STUDENTS,*,*,see more here #Newline        <button>#Newline            <text>Deanship of Student</text>#Newline            <url>https://hu.edu.jo/facnew/index.aspx?typ=71&amp;unitid=70000000</url>#Newline        </button>,regesteration2.aiml
0,HOW CAN I GET INVOLVED IN STUDENT CLUBS AND ACTIVITIES,*,*,see more here #Newline        <button>#Newline            <text>Deanship of Student</text>#Newline            <url>https://hu.edu.jo/facnew/index.aspx?typ=71&amp;unitid=70000000</url>#Newline        </button>,regesteration2.aiml
0,IS THERE A STUDENT UNION AT THE UNIVERSITY,*,*,yes  see more here #Newline        <button>#Newline            <text>Deanship of Student</text>#Newline            <url>https://hu.edu.jo/facnew/index.aspx?typ=71&amp;unitid=70000000</url>#Newline        </button>,regesteration2.aiml
0,WHAT ARE THE RESPONSIBILITIES OF THE STUDENT UNION,*,*,see more here #Newline        <button>#Newline            <text>Deanship of Student</text>#Newline            <url>https://hu.edu.jo/facnew/index.aspx?typ=71&amp;unitid=70000000</url>#Newline        </button>,regesteration2.aiml
0,HOW CAN I JOIN A STUDENT CLUB,*,*,see more here #Newline        <button>#Newline            <text>Deanship of Student</text>#Newline            <url>https://hu.edu.jo/facnew/index.aspx?typ=71&amp;unitid=70000000</url>#Newline        </button>,regesteration2.aiml
0,WHAT IS THE ROLE OF THE DEANSHIP OF STUDENT AFFAIRS,*,*,<button>#Newline            <text>Deanship of Student</text>#Newline            <url>https://hu.edu.jo/facnew/?unitid=70000000</url>#Newline        </button>,regesteration2.aiml
0,CAN STUDENTS CREATE THEIR OWN CLUBS,*,*,<srai>Are there extracurricular activities#Comma student clubs#Comma and a student union</srai>,regesteration2.aiml
0,ARE THERE SPORTS CLUBS FOR STUDENTS,*,*,<srai>Are there extracurricular activities#Comma student clubs#Comma and a student union</srai>,regesteration2.aiml
0,HOW CAN I STAY UPDATED ON UPCOMING EVENTS AND ACTIVITIES,*,*,<srai>Are there extracurricular activities#Comma student clubs#Comma and a student union</srai>,regesteration2.aiml
0,HOW CAN I START A NEW STUDENT CLUB AT THE UNIVERSITY,*,*,<button>#Newline            <text>Deanship of Student</text>#Newline            <url>https://hu.edu.jo/facnew/index.aspx?typ=71&amp;unitid=70000000</url>#Newline        </button>,regesteration2.aiml
0,WHAT TYPES OF STUDENT ORGANIZATIONS EXIST ON CAMPUS,*,*,<button>#Newline            <text>Deanship of Student</text>#Newline            <url>https://hu.edu.jo/facnew/index.aspx?typ=71&amp;unitid=70000000</url>#Newline        </button>,regesteration2.aiml
0,HOW CAN I CONTRIBUTE TO THE STUDENT COMMUNITY,*,*,<srai>Are there extracurricular activities#Comma student clubs#Comma and a student union</srai>,regesteration2.aiml
0,WHAT IS THE ROLE OF STUDENT CLUBS IN ACADEMIC LIFE,*,*,<button>#Newline            <text>Deanship of Student</text>#Newline            <url>https://hu.edu.jo/facnew/index.aspx?typ=71&amp;unitid=70000000</url>#Newline        </button>,regesteration2.aiml
0,WHAT IS THE ACADEMIC YEAR,*,*,The first and second compulsory semesters and the summer elective,regesteration2.aiml
0,WHAT SEMESTERS ARE INCLUDED IN THE ACADEMIC YEAR,*,*,<srai>What is the academic year</srai>,regesteration2.aiml
0,HOW MANY SEMESTERS ARE THERE IN AN ACADEMIC YEAR,*,*,<srai>What is the academic year</srai>,regesteration2.aiml
0,IS THE SUMMER SEMESTER PART OF THE ACADEMIC YEAR,*,*,<srai>What is the academic year</srai>,regesteration2.aiml
0,HOW IS THE ACADEMIC YEAR STRUCTURED,*,*,<srai>What is the academic year</srai>,regesteration2.aiml
0,WHAT IS THE SIGNIFICANCE OF THE ACADEMIC YEAR,*,*,<srai>What is the academic year</srai>,regesteration2.aiml
0,HOW IS THE ACADEMIC YEAR RELEVANT TO STUDENTS,*,*,<srai>What is the academic year</srai>,regesteration2.aiml
0,CAN YOU EXPLAIN THE ACADEMIC CALENDAR,*,*,<srai>What is the academic year</srai>,regesteration2.aiml
0,IS THE ACADEMIC YEAR CONSISTENT EVERY YEAR,*,*,<srai>What is the academic year</srai>,regesteration2.aiml
0,WHAT IS THE ACADEMIC YEAR SCHEDULE,*,*,<srai>What is the academic year</srai>,regesteration2.aiml
0,WHAT IS A CREDIT HOUR,*,*,Published in the instructions for granting a bachelor’s degree and the student guide electronically<break/>#Newline        Credit hour: An academic evaluation unit that means the student’s attendance is sixteen (16) Theoretical lecture.#Newline      <button>#Newline            <text>find more here</text>#Newline            <url>https://pic.hu.edu.jo/Upload/42000000/%D8%AA%D8%B9%D9%84%D9%8A%D9%85%D8%A7%D8%AA%20%D9%85%D9%86%D8%AD%20%D8%AF%D8%B1%D8%AC%D8%A9%20%D8%A7%D9%84%D8%A8%D9%83%D8%A7%D9%84%D9%88%D8%B1%D9%8A%D9%88%D8%B3%202016%D8%A2%D8%AE%D8%B1%20%D8%AA%D8%B9%D8%AF%D9%8A%D9%84%2027-2-2019.pdf</url>#Newline        </button>,regesteration2.aiml
0,HOW IS A CREDIT HOUR DEFINED,*,*,<srai>What is a credit hour</srai>,regesteration2.aiml
0,WHAT DOES A CREDIT HOUR REPRESENT,*,*,<srai>What is a credit hour</srai>,regesteration2.aiml
0,CAN YOU EXPLAIN THE CONCEPT OF A CREDIT HOUR,*,*,<srai>What is a credit hour</srai>,regesteration2.aiml
0,WHERE CAN I FIND INFORMATION ABOUT CREDIT HOURS,*,*,<srai>What is a credit hour</srai>,regesteration2.aiml
0,ARE CREDIT HOURS THE SAME FOR ALL SUBJECTS,*,*,NO#Comma#Newline        <srai>What is a credit hour</srai>,regesteration2.aiml
0,WHAT IS THE MAXIMUM NUMBER OF CREDIT HOURS PER SEMESTER,*,*,18 for regular student and 21 for the graduated.#Newline       <srai>What is a credit hour</srai>,regesteration2.aiml
0,ARE THERE DIFFERENT TYPES OF CREDIT HOURS,*,*,<srai>What is a credit hour</srai>,regesteration2.aiml
0,HOW ARE CREDIT HOURS ASSIGNED TO EACH COURSE,*,*,<srai>What is a credit hour</srai>,regesteration2.aiml
0,WHAT IS THE SIGNIFICANCE OF CREDIT HOURS IN MY DEGREE,*,*,<srai>What is a credit hour</srai>,regesteration2.aiml
0,WHEN IS A STUDENT’S REGISTRATION CANCELLED,*,*,Within the deadline specified in the announcement#Comma and acceptance will be canceled if the student does not pay the university fees#Newline        <button>#Newline            <text>follow anoucments</text>#Newline            <url>https://reg2.hu.edu.jo/Default.aspx</url>#Newline        </button>,regesteration2.aiml
0,WHAT LEADS TO THE CANCELLATION OF A STUDENT'S REGISTRATION,*,*,<srai>When is a student’s registration cancelled</srai>,regesteration2.aiml
0,CAN A STUDENT'S REGISTRATION BE CANCELLED FOR NOT PAYING FEES,*,*,yes#Comma <srai>When is a student’s registration cancelled</srai>,regesteration2.aiml
0,IS THERE A SPECIFIC DEADLINE FOR REGISTRATION TO AVOID CANCELLATION,*,*,yes#Comma <srai>When is a student’s registration cancelled</srai>,regesteration2.aiml
0,WHAT HAPPENS IF A STUDENT MISSES THE REGISTRATION DEADLINE,*,*,<srai>When is a student’s registration cancelled</srai>,regesteration2.aiml
0,HOW CAN A STUDENT AVOID REGISTRATION CANCELLATION,*,*,<srai>When is a student’s registration cancelled</srai>,regesteration2.aiml
0,IS THERE A GRACE PERIOD AFTER THE REGISTRATION DEADLINE,*,*,<srai>When is a student’s registration cancelled</srai>,regesteration2.aiml
0,ARE THERE CONSEQUENCES FOR LATE REGISTRATION,*,*,yes#Comma  <srai>When is a student’s registration cancelled</srai>,regesteration2.aiml
0,IS REGISTRATION CANCELLATION REVERSIBLE,*,*,NO#Comma <srai>When is a student’s registration cancelled</srai>,regesteration2.aiml
0,WHAT IS THE IMPACT OF REGISTRATION CANCELLATION ON A STUDENT'S RECORD,*,*,<srai>When is a student’s registration cancelled</srai>,regesteration2.aiml
0,WHAT ARE THE CONSEQUENCES OF NON PAYMENT ON REGISTRATION,*,*,<srai>When is a student’s registration cancelled</srai>,regesteration2.aiml
0,WHAT ARE THE ACADEMIC WARNINGS THAT A STUDENT GETS,*,*,<button>#Newline            <text>academic warnings</text>#Newline            <url>https://pic.hu.edu.jo/upload/84000000/std16.doc</url>#Newline        </button>,regesteration2.aiml
0,HOW DOES A STUDENT RECEIVE ACADEMIC WARNINGS,*,*,<srai>What are the academic warnings that a student gets</srai>#Newline        Academic warnings are typically issued when a student's academic performance falls below the university's standards. These warnings serve as indicators to address potential issues and improve performance.,regesteration2.aiml
0,WHAT ACTIONS LEAD TO ACADEMIC WARNINGS,*,*,<srai>What are the academic warnings that a student gets</srai>#Newline        Academic warnings can result from factors such as consistently low grades#Comma failure to meet attendance requirements#Comma or academic misconduct. It's important to adhere to university policies to avoid receiving warnings.,regesteration2.aiml
0,CAN I AVOID ACADEMIC WARNINGS,*,*,<srai>What are the academic warnings that a student gets</srai>#Newline        Yes#Comma academic warnings can be avoided by maintaining consistent attendance#Comma actively participating in classes#Comma seeking academic support when needed#Comma and adhering to the university's code of conduct.,regesteration2.aiml
0,HOW SERIOUS ARE ACADEMIC WARNINGS,*,*,<srai>What are the academic warnings that a student gets</srai>#Newline        Academic warnings are a serious indication that a student's performance is not meeting the university's expectations. It is crucial to address the issues leading to the warning promptly.,regesteration2.aiml
0,WHERE CAN I FIND INFORMATION ABOUT ACADEMIC WARNINGS,*,*,<srai>What are the academic warnings that a student gets</srai>#Newline        Detailed information about academic warnings#Comma including the university's policies and procedures#Comma can be found in the official student guide. You can access it on the university's website.,regesteration2.aiml
0,WHAT HAPPENS IF I IGNORE ACADEMIC WARNINGS,*,*,<srai>What are the academic warnings that a student gets</srai>#Newline        Ignoring academic warnings may lead to more severe consequences#Comma such as academic probation or dismissal. It is highly recommended to take immediate action and seek assistance to improve academic performance.,regesteration2.aiml
0,HOW CAN I ADDRESS ACADEMIC WARNINGS,*,*,<srai>What are the academic warnings that a student gets</srai>#Newline        To address academic warnings#Comma schedule a meeting with your academic advisor#Comma create a plan for improvement#Comma and utilize university resources such as tutoring services. Taking proactive steps is essential for success.,regesteration2.aiml
0,ARE ACADEMIC WARNINGS COMMON,*,*,<srai>What are the academic warnings that a student gets</srai>#Newline        Academic warnings are not uncommon#Comma and many students receive them as a way to identify areas for improvement. The key is to view them as opportunities to enhance academic performance.,regesteration2.aiml
0,CAN ACADEMIC WARNINGS BE APPEALED,*,*,<srai>What are the academic warnings that a student gets</srai>#Newline        In certain circumstances#Comma academic warnings can be appealed. Check the university's policies and procedures for the specific steps and criteria for appealing academic warnings.,regesteration2.aiml
0,HOW DO ACADEMIC WARNINGS AFFECT MY ACADEMIC RECORD,*,*,<srai>What are the academic warnings that a student gets</srai>#Newline        Academic warnings are typically part of the student's academic record. While they do not carry a permanent penalty#Comma they serve as a record of past performance. It is crucial to improve to maintain a positive academic standing.,regesteration2.aiml
0,WHAT SHOULD I DO IF I RECEIVE AN ACADEMIC WARNING,*,*,<srai>What are the academic warnings that a student gets</srai>#Newline        If you receive an academic warning#Comma schedule a meeting with your academic advisor to discuss the specific issues. Develop a plan for improvement#Comma utilize available resources#Comma and take proactive steps to address the underlying concerns.,regesteration2.aiml
0,ARE THERE DIFFERENT TYPES OF ACADEMIC WARNINGS,*,*,<srai>What are the academic warnings that a student gets</srai>#Newline        Academic warnings may vary based on the nature of the academic issues. Examples include warnings for low grades#Comma attendance#Comma or academic misconduct. Familiarize yourself with the types relevant to your situation.,regesteration2.aiml
0,HOW ARE ACADEMIC WARNINGS COMMUNICATED TO STUDENTS,*,*,<srai>What are the academic warnings that a student gets</srai>#Newline        Academic warnings are typically communicated to students through official university channels#Comma such as email or the student portal. It is essential to regularly check your university communications for important updates.,regesteration2.aiml
0,CAN ACADEMIC WARNINGS BE REMOVED FROM MY RECORD,*,*,<srai>What are the academic warnings that a student gets</srai>#Newline        Academic warnings are part of your academic record#Comma but in some cases#Comma improvements in performance may lead to their removal. Consult with your academic advisor to understand the specific procedures for addressing and potentially removing academic warnings.,regesteration2.aiml
0,WHAT IS THE PROCESS FOR RESOLVING ACADEMIC WARNINGS,*,*,<srai>What are the academic warnings that a student gets</srai>#Newline        Resolving academic warnings involves working closely with your academic advisor#Comma developing a plan for improvement#Comma and utilizing available resources. Regularly monitor your progress and make adjustments as needed to address the identified issues.,regesteration2.aiml
0,WHAT IS A SUB SPECIALIZATION AND HOW DO I KNOW ITS COURSES,*,*,There is no minor in the university,regesteration2.aiml
0,ARE THERE MINORS IN THE UNIVERSITY,*,*,<srai>What is a sub specialization and how do I know its courses</srai>#Newline        The university does not offer minors. Students typically focus on their major field of study without the option for sub-specializations or minors.,regesteration2.aiml
0,CAN I PURSUE A MINOR AT THE UNIVERSITY,*,*,<srai>What is a sub specialization and how do I know its courses</srai>#Newline        No#Comma the university does not provide the option for minors or sub-specializations. Students concentrate on their major coursework without additional specialization tracks.,regesteration2.aiml
0,HOW CAN I ADD A MINOR TO MY MAJOR,*,*,<srai>What is a sub specialization and how do I know its courses</srai>#Newline        Adding a minor is not applicable at the university. Students focus solely on their major field of study without the option for additional specializations.,regesteration2.aiml
0,WHAT ARE THE AVAILABLE MINORS AT THE UNIVERSITY,*,*,<srai>What is a sub specialization and how do I know its courses</srai>#Newline        The university does not offer minors or sub-specializations. Students concentrate on their major coursework without the option for additional specializations.,regesteration2.aiml
0,CAN I CHOOSE A SUB-SPECIALIZATION FOR MY MAJOR,*,*,<srai>What is a sub specialization and how do I know its courses</srai>#Newline        The university does not provide the option for sub-specializations or minors. Students focus on their major field of study without additional specialization tracks.,regesteration2.aiml
0,IS IT POSSIBLE TO HAVE A MAJOR AND A MINOR AT THE SAME TIME,*,*,<srai>What is a sub specialization and how do I know its courses</srai>#Newline        No#Comma the university does not offer minors or sub-specializations. Students focus solely on their major field of study without the option for additional specializations.,regesteration2.aiml
0,HOW CAN I CUSTOMIZE MY ACADEMIC PATH WITH A MINOR,*,*,<srai>What is a sub specialization and how do I know its courses</srai>#Newline        Customizing your academic path with a minor is not applicable at the university. Students concentrate on their major coursework without additional specializations.,regesteration2.aiml
0,ARE MINORS BENEFICIAL AT THE UNIVERSITY,*,*,<srai>What is a sub specialization and how do I know its courses</srai>#Newline        Since the university does not offer minors or sub-specializations#Comma the academic focus is solely on the major field of study.,regesteration2.aiml
0,WHAT MAJORS CAN BE COMBINED WITH A MINOR,*,*,<srai>What is a sub specialization and how do I know its courses</srai>#Newline        Combining majors with minors is not applicable at the university. Students concentrate on their major coursework without additional specializations.,regesteration2.aiml
0,CAN I ADD A MINOR TO MY DEGREE PROGRAM,*,*,<srai>What is a sub specialization and how do I know its courses</srai>#Newline        Adding a minor to your degree program is not possible at the university. Students focus solely on their major field of study without additional specializations.,regesteration2.aiml
0,HOW DO MINORS WORK AT THE UNIVERSITY,*,*,<srai>What is a sub specialization and how do I know its courses</srai>#Newline        Minors are not applicable at the university. Students concentrate on their major coursework without the option for additional specializations.,regesteration2.aiml
0,HOW IS THE STUDY POSTPONED AND IS THERE A SPECIFIC DATE FOR POSTPONEMENT,*,*,Published in the instructions for granting a bachelor’s degree and the student guide electronically and before the start of the semester#Newline        <ol>#Newline           <li>The student may postpone his studies at the university for a period not exceeding five compulsory semesters#Comma whether Was it intermittent or continuous?</li> #Newline           <li>It is not permissible to postpone the studies of a new student or transferring to the university except after completing one academic semester.At least after joining university.</li> #Newline            <li> The student may submit a request to postpone his studies according to the prescribed form before the end of the second week of the semester.#Newline                Who wishes to postpone his studies#Comma and the Dean of the College decides on this request and communicates his decision to the Director of Admissions and Registration.#Newline                The Dean of Student Affairs#Comma the head of the relevant department#Comma and any other concerned party.</li> #Newline         <li>The period of postponement is not calculated from the maximum period allowed for obtaining a bachelor’s degree or for the purposes of#Newline                    Remove alarm effect.</li> #Newline        </ol>#Newline        <button>#Newline            <text>find more on page 14</text>#Newline            <url>https://pic.hu.edu.jo/Upload/42000000/%D8%AA%D8%B9%D9%84%D9%8A%D9%85%D8%A7%D8%AA%20%D9%85%D9%86%D8%AD%20%D8%AF%D8%B1%D8%AC%D8%A9%20%D8%A7%D9%84%D8%A8%D9%83%D8%A7%D9%84%D9%88%D8%B1%D9%8A%D9%88%D8%B3%202016%D8%A2%D8%AE%D8%B1%20%D8%AA%D8%B9%D8%AF%D9%8A%D9%84%2027-2-2019.pdf</url>#Newline        </button>,regesteration2.aiml
0,CAN I POSTPONE MY STUDIES AT THE UNIVERSITY,*,*,Yes#Comma a student may postpone their studies at the university for a period not exceeding five compulsory semesters#Comma whether it is intermittent or continuous.#Newline        However#Comma there are specific regulations to follow#Comma and it is important to refer to the instructions for granting a bachelor’s degree and the student guide electronically.#Newline        <button>#Newline            <text>Learn more on page 14</text>#Newline            <url>https://pic.hu.edu.jo/Upload/42000000/%D8%AA%D8%B9%D9%84%D9%8A%D9%85%D8%A7%D8%AA%20%D9%85%D9%86%D8%AD%20%D8%AF%D8%B1%D8%AC%D8%A9%20%D8%A7%D9%84%D8%A8%D9%83%D8%A7%D9%84%D9%88%D8%B1%D9%8A%D9%88%D8%B3%202016%D8%A2%D8%AE%D8%B1%20%D8%AA%D8%B9%D8%AF%D9%8A%D9%84%2027-2-2019.pdf</url>#Newline        </button>,regesteration2.aiml
0,WHAT IS THE PROCESS FOR POSTPONING STUDIES AT THE UNIVERSITY,*,*,The student may submit a request to postpone their studies according to the prescribed form before the end of the second week of the semester.#Newline        The Dean of the College decides on this request and communicates the decision to the Director of Admissions and Registration#Comma the Dean of Student Affairs#Comma the head of the relevant department#Comma and any other concerned party.#Newline        <button>#Newline            <text>Learn more on page 14</text>#Newline            <url>https://pic.hu.edu.jo/Upload/42000000/%D8%AA%D8%B9%D9%84%D9%8A%D9%85%D8%A7%D8%AA%20%D9%85%D9%86%D8%AD%20%D8%AF%D8%B1%D8%AC%D8%A9%20%D8%A7%D9%84%D8%A8%D9%83%D8%A7%D9%84%D9%88%D8%B1%D9%8A%D9%88%D8%B3%202016%D8%A2%D8%AE%D8%B1%20%D8%AA%D8%B9%D8%AF%D9%8A%D9%84%2027-2-2019.pdf</url>#Newline        </button>,regesteration2.aiml
0,IS THERE A DEADLINE FOR REQUESTING A STUDY POSTPONEMENT,*,*,Yes#Comma the student may submit a request to postpone their studies before the end of the second week of the semester.#Newline        It is crucial to adhere to the specified deadlines and refer to the instructions for granting a bachelor’s degree and the student guide electronically.#Newline       <button>#Newline            <text>Learn more on page 14</text>#Newline            <url>https://pic.hu.edu.jo/Upload/42000000/%D8%AA%D8%B9%D9%84%D9%8A%D9%85%D8%A7%D8%AA%20%D9%85%D9%86%D8%AD%20%D8%AF%D8%B1%D8%AC%D8%A9%20%D8%A7%D9%84%D8%A8%D9%83%D8%A7%D9%84%D9%88%D8%B1%D9%8A%D9%88%D8%B3%202016%D8%A2%D8%AE%D8%B1%20%D8%AA%D8%B9%D8%AF%D9%8A%D9%84%2027-2-2019.pdf</url>#Newline        </button>,regesteration2.aiml
0,WHAT ARE THE CONDITIONS FOR POSTPONING STUDIES AT THE UNIVERSITY,*,*,To postpone studies#Comma the student must adhere to specific conditions#Comma which are outlined in the instructions for granting a bachelor’s degree and the student guide electronically.#Newline        It is essential to review these conditions before submitting a request for study postponement.#Newline         <button>#Newline            <text>Learn more on page 14</text>#Newline            <url>https://pic.hu.edu.jo/Upload/42000000/%D8%AA%D8%B9%D9%84%D9%8A%D9%85%D8%A7%D8%AA%20%D9%85%D9%86%D8%AD%20%D8%AF%D8%B1%D8%AC%D8%A9%20%D8%A7%D9%84%D8%A8%D9%83%D8%A7%D9%84%D9%88%D8%B1%D9%8A%D9%88%D8%B3%202016%D8%A2%D8%AE%D8%B1%20%D8%AA%D8%B9%D8%AF%D9%8A%D9%84%2027-2-2019.pdf</url>#Newline        </button>,regesteration2.aiml
0,HOW MANY SEMESTERS CAN I POSTPONE MY STUDIES,*,*,A student may postpone their studies at the university for a period not exceeding five compulsory semesters#Comma whether it is intermittent or continuous.#Newline        It is essential to review the guidelines and regulations in the instructions for granting a bachelor’s degree and the student guide electronically.#Newline       <button>#Newline            <text>Learn more on page 14</text>#Newline            <url>https://pic.hu.edu.jo/Upload/42000000/%D8%AA%D8%B9%D9%84%D9%8A%D9%85%D8%A7%D8%AA%20%D9%85%D9%86%D8%AD%20%D8%AF%D8%B1%D8%AC%D8%A9%20%D8%A7%D9%84%D8%A8%D9%83%D8%A7%D9%84%D9%88%D8%B1%D9%8A%D9%88%D8%B3%202016%D8%A2%D8%AE%D8%B1%20%D8%AA%D8%B9%D8%AF%D9%8A%D9%84%2027-2-2019.pdf</url>#Newline        </button>,regesteration2.aiml
0,^ POSTPONE MY STUDIES ^,*,*,A student may postpone their studies at the university for a period not exceeding five compulsory semesters#Comma whether it is intermittent or continuous.#Newline        It is essential to review the guidelines and regulations in the instructions for granting a bachelor’s degree and the student guide electronically.#Newline         <button>#Newline            <text>Learn more on page 14</text>#Newline            <url>https://pic.hu.edu.jo/Upload/42000000/%D8%AA%D8%B9%D9%84%D9%8A%D9%85%D8%A7%D8%AA%20%D9%85%D9%86%D8%AD%20%D8%AF%D8%B1%D8%AC%D8%A9%20%D8%A7%D9%84%D8%A8%D9%83%D8%A7%D9%84%D9%88%D8%B1%D9%8A%D9%88%D8%B3%202016%D8%A2%D8%AE%D8%B1%20%D8%AA%D8%B9%D8%AF%D9%8A%D9%84%2027-2-2019.pdf</url>#Newline        </button>,regesteration2.aiml
0,^ POSTPONE STUDY ^,*,*,A student may postpone their studies at the university for a period not exceeding five compulsory semesters#Comma whether it is intermittent or continuous.#Newline        It is essential to review the guidelines and regulations in the instructions for granting a bachelor’s degree and the student guide electronically.#Newline        <button>#Newline            <text>Learn more on page 14</text>#Newline            <url>https://pic.hu.edu.jo/Upload/42000000/%D8%AA%D8%B9%D9%84%D9%8A%D9%85%D8%A7%D8%AA%20%D9%85%D9%86%D8%AD%20%D8%AF%D8%B1%D8%AC%D8%A9%20%D8%A7%D9%84%D8%A8%D9%83%D8%A7%D9%84%D9%88%D8%B1%D9%8A%D9%88%D8%B3%202016%D8%A2%D8%AE%D8%B1%20%D8%AA%D8%B9%D8%AF%D9%8A%D9%84%2027-2-2019.pdf</url>#Newline        </button>,regesteration2.aiml
0,IS IT POSSIBLE TO POSTPONE STUDIES AFTER COMPLETING ONE ACADEMIC SEMESTER,*,*,No#Comma it is not permissible to postpone the studies of a new student or someone transferring to the university except after completing one academic semester#Comma at least after joining the university.#Newline        Refer to the instructions for granting a bachelor’s degree and the student guide electronically for further details.#Newline      <button>#Newline            <text>Learn more on page 14</text>#Newline            <url>https://pic.hu.edu.jo/Upload/42000000/%D8%AA%D8%B9%D9%84%D9%8A%D9%85%D8%A7%D8%AA%20%D9%85%D9%86%D8%AD%20%D8%AF%D8%B1%D8%AC%D8%A9%20%D8%A7%D9%84%D8%A8%D9%83%D8%A7%D9%84%D9%88%D8%B1%D9%8A%D9%88%D8%B3%202016%D8%A2%D8%AE%D8%B1%20%D8%AA%D8%B9%D8%AF%D9%8A%D9%84%2027-2-2019.pdf</url>#Newline        </button>,regesteration2.aiml
0,HOW CAN I APPLY FOR A STUDY POSTPONEMENT AT THE UNIVERSITY,*,*,The student may submit a request to postpone their studies by using the prescribed form.#Newline        This request should be submitted before the end of the second week of the semester.#Newline         <button>#Newline            <text>Learn more on page 14</text>#Newline            <url>https://pic.hu.edu.jo/Upload/42000000/%D8%AA%D8%B9%D9%84%D9%8A%D9%85%D8%A7%D8%AA%20%D9%85%D9%86%D8%AD%20%D8%AF%D8%B1%D8%AC%D8%A9%20%D8%A7%D9%84%D8%A8%D9%83%D8%A7%D9%84%D9%88%D8%B1%D9%8A%D9%88%D8%B3%202016%D8%A2%D8%AE%D8%B1%20%D8%AA%D8%B9%D8%AF%D9%8A%D9%84%2027-2-2019.pdf</url>#Newline        </button>,regesteration2.aiml
0,WHAT ARE THE CONSEQUENCES OF NOT ADHERING TO THE STUDY POSTPONEMENT DEADLINES,*,*,Failure to adhere to the study postponement deadlines may result in academic penalties.#Newline        It is crucial to follow the specified procedures and timelines#Comma as outlined in the instructions for granting a bachelor’s degree and the student guide electronically.#Newline        <button>#Newline            <text>Learn more on page 14</text>#Newline            <url>https://pic.hu.edu.jo/Upload/42000000/%D8%AA%D8%B9%D9%84%D9%8A%D9%85%D8%A7%D8%AA%20%D9%85%D9%86%D8%AD%20%D8%AF%D8%B1%D8%AC%D8%A9%20%D8%A7%D9%84%D8%A8%D9%83%D8%A7%D9%84%D9%88%D8%B1%D9%8A%D9%88%D8%B3%202016%D8%A2%D8%AE%D8%B1%20%D8%AA%D8%B9%D8%AF%D9%8A%D9%84%2027-2-2019.pdf</url>#Newline        </button>,regesteration2.aiml
0,IS THERE A MAXIMUM PERIOD FOR STUDY POSTPONEMENT,*,*,Yes#Comma there is a maximum period for study postponement#Comma and it should not exceed five compulsory semesters#Comma whether intermittent or continuous.#Newline        It is important to adhere to this limit and refer to the guidelines in the instructions for granting a bachelor’s degree and the student guide electronically.#Newline      <button>#Newline            <text>Learn more on page 14</text>#Newline            <url>https://pic.hu.edu.jo/Upload/42000000/%D8%AA%D8%B9%D9%84%D9%8A%D9%85%D8%A7%D8%AA%20%D9%85%D9%86%D8%AD%20%D8%AF%D8%B1%D8%AC%D8%A9%20%D8%A7%D9%84%D8%A8%D9%83%D8%A7%D9%84%D9%88%D8%B1%D9%8A%D9%88%D8%B3%202016%D8%A2%D8%AE%D8%B1%20%D8%AA%D8%B9%D8%AF%D9%8A%D9%84%2027-2-2019.pdf</url>#Newline        </button>,regesteration2.aiml
0,WHAT IS THE MAXIMUM PERIOD FOR STUDY POSTPONEMENT,*,*,<srai>Is there a maximum period for study postponement</srai>,regesteration2.aiml
0,WHAT ARE THE CONDITIONS FOR APPLYING FOR A STUDY POSTPONEMENT,*,*,To apply for a study postponement#Comma the student must meet specific conditions outlined in the university's guidelines.#Newline        Refer to the instructions for granting a bachelor’s degree and the student guide electronically for detailed information.#Newline        <button>#Newline            <text>Learn more on page 14</text>#Newline            <url>https://pic.hu.edu.jo/Upload/42000000/%D8%AA%D8%B9%D9%84%D9%8A%D9%85%D8%A7%D8%AA%20%D9%85%D9%86%D8%AD%20%D8%AF%D8%B1%D8%AC%D8%A9%20%D8%A7%D9%84%D8%A8%D9%83%D8%A7%D9%84%D9%88%D8%B1%D9%8A%D9%88%D8%B3%202016%D8%A2%D8%AE%D8%B1%20%D8%AA%D8%B9%D8%AF%D9%8A%D9%84%2027-2-2019.pdf</url>#Newline        </button>,regesteration2.aiml
0,HOW CAN I CHECK THE STATUS OF MY STUDY POSTPONEMENT REQUEST,*,*,You can check the status of your study postponement request through the university portal or by contacting the relevant department.#Newline        Ensure to follow up on your request and meet any additional requirements#Comma if necessary.,regesteration2.aiml
0,WHAT ARE THE COMMON REASONS FOR STUDY POSTPONEMENT,*,*,Study postponement is commonly allowed for reasons such as medical conditions#Comma family emergencies#Comma or other compelling circumstances.#Newline        Make sure to provide supporting documentation when submitting your request.,regesteration2.aiml
0,WHAT HAPPENS IF MY STUDY POSTPONEMENT REQUEST IS DENIED,*,*,If your study postponement request is denied#Comma you should consult with the Dean of Student Affairs or the relevant department for further guidance.#Newline        They can provide insights into the denial reasons and discuss potential alternatives.,regesteration2.aiml
0,CAN I APPEAL A DENIED STUDY POSTPONEMENT REQUEST,*,*,Yes#Comma you can appeal a denied study postponement request. Follow the university's appeal process and provide any additional information that supports your case.,regesteration2.aiml
0,WHAT IS THE PROCESS FOR WITHDRAWING A STUDY POSTPONEMENT REQUEST,*,*,If you wish to withdraw your study postponement request#Comma contact the relevant department or the Dean of Student Affairs as soon as possible.#Newline        Provide a clear explanation for your decision and follow any required procedures.,regesteration2.aiml
0,IS THERE A FEE ASSOCIATED WITH STUDY POSTPONEMENT,*,*,There may be specific fees associated with study postponement. Check the university's fee structure or contact the relevant department for accurate information.#Newline        Be aware of any financial implications before submitting your request.,regesteration2.aiml
0,ARE THERE ALTERNATIVES TO STUDY POSTPONEMENT,*,*,In some cases#Comma alternatives to study postponement may include course withdrawals#Comma taking a reduced course load#Comma or exploring flexible scheduling options.#Newline        Discuss your situation with academic advisors to explore the best alternatives for your circumstances.,regesteration2.aiml
0,CAN INTERNATIONAL STUDENTS APPLY FOR STUDY POSTPONEMENT,*,*,Yes#Comma international students can apply for study postponement. However#Comma they should consider potential visa implications and communicate with the international student office for guidance.,regesteration2.aiml
0,WHAT ARE THE STEPS TO APPLY FOR STUDY POSTPONEMENT,*,*,The steps to apply for study postponement include completing the prescribed form#Comma providing necessary documentation#Comma and submitting the request before the specified deadline.#Newline        Follow the guidelines outlined in the university's instructions for granting a bachelor’s degree and the student guide electronically.#Newline        <button>#Newline            <text>Learn more on page 14</text>#Newline            <url>https://pic.hu.edu.jo/Upload/42000000/%D8%AA%D8%B9%D9%84%D9%8A%D9%85%D8%A7%D8%AA%20%D9%85%D9%86%D8%AD%20%D8%AF%D8%B1%D8%AC%D8%A9%20%D8%A7%D9%84%D8%A8%D9%83%D8%A7%D9%84%D9%88%D8%B1%D9%8A%D9%88%D8%B3%202016%D8%A2%D8%AE%D8%B1%20%D8%AA%D8%B9%D8%AF%D9%8A%D9%84%2027-2-2019.pdf</url>#Newline        </button>,regesteration2.aiml
0,HOW MANY SEMESTERS CAN I POSTPONE AND WHAT IS THE LEGAL PERIOD FOR ME TO STAY AT THE UNIVERSITY,*,*,The student may postpone his studies at the university for a period not exceeding five compulsory semesters#Comma whether#Newline        Was it intermittent or continuous,regesteration2.aiml
0,WHAT ARE THE CONDITIONS FOR TRANSFERRING TO THE UNIVERSITY FROM ANOTHER JORDANIAN UNIVERSITY,*,*,To transfer to the university from another official Jordanian university#Comma the following conditions must be met:#Newline        <ol>#Newline            <li>A seat must be available for the student in the specialty he wishes to transfer to.</li>#Newline            <li>The student must have successfully studied no less than (33) credit hours at his current university#Comma which are included in the calculation of his cumulative grades. These grades are not included in calculating his cumulative average at the university.</li>#Newline            <li>The student's GPA in high school must be acceptable either in the year he obtained high school or the year he applied for the transfer. A very good cumulative average is required. In this case#Comma the student must move to the same subjects he studied at his current university#Comma no less than the major in which he is accepted at the university for regular study.</li>#Newline            <li>The student must not have been expelled from his current university.</li>#Newline            <li>The Dean of the College may consider the possibility of the student transferring to a major close to his current major if it is not available at the university.</li>#Newline        </ol>#Newline        <button>#Newline            <text>Learn more on page 15</text>#Newline            <url>https://pic.hu.edu.jo/Upload/42000000/%D8%AA%D8%B9%D9%84%D9%8A%D9%85%D8%A7%D8%AA%20%D9%85%D9%86%D8%AD%20%D8%AF%D8%B1%D8%AC%D8%A9%20%D8%A7%D9%84%D8%A8%D9%83%D8%A7%D9%84%D9%88%D8%B1%D9%8A%D9%88%D8%B3%202016%D8%A2%D8%AE%D8%B1%20%D8%AA%D8%B9%D8%AF%D9%8A%D9%84%2027-2-2019.pdf</url>#Newline        </button>,regesteration2.aiml
0,^ TRANSFERRING TO THE UNIVERSITY ^,*,*,<srai>What are the conditions for transferring to the university from another Jordanian university</srai>,regesteration2.aiml
0,WHAT ARE THE REQUIREMENTS FOR TRANSFERRING TO THE UNIVERSITY FROM ANOTHER JORDANIAN UNIVERSITY,*,*,<srai>What are the conditions for transferring to the university from another Jordanian university</srai>,regesteration2.aiml
0,HOW CAN I TRANSFER TO THE UNIVERSITY FROM ANOTHER JORDANIAN UNIVERSITY,*,*,<srai>What are the conditions for transferring to the university from another Jordanian university</srai>,regesteration2.aiml
0,CAN YOU TELL ME THE PROCESS OF TRANSFERRING TO THE UNIVERSITY FROM ANOTHER JORDANIAN UNIVERSITY,*,*,<srai>What are the conditions for transferring to the university from another Jordanian university</srai>,regesteration2.aiml
0,ARE THERE ANY SPECIFIC REQUIREMENTS FOR TRANSFERRING TO THE UNIVERSITY FROM ANOTHER JORDANIAN UNIVERSITY,*,*,<srai>What are the conditions for transferring to the university from another Jordanian university</srai>,regesteration2.aiml
0,^ TRANSFER PROCESS ^,*,*,<srai>What are the conditions for transferring to the university from another Jordanian university</srai>,regesteration2.aiml
0,WHAT DO I NEED TO DO TO TRANSFER TO THE UNIVERSITY FROM ANOTHER JORDANIAN UNIVERSITY,*,*,<srai>What are the conditions for transferring to the university from another Jordanian university</srai>,regesteration2.aiml
0,IS IT POSSIBLE TO TRANSFER TO THE UNIVERSITY FROM ANOTHER JORDANIAN UNIVERSITY,*,*,<srai>What are the conditions for transferring to the university from another Jordanian university</srai>,regesteration2.aiml
0,^ TRANSFER ELIGIBILITY ^,*,*,<srai>What are the conditions for transferring to the university from another Jordanian university</srai>,regesteration2.aiml
0,CAN I TRANSFER TO THE UNIVERSITY FROM ANOTHER JORDANIAN UNIVERSITY AFTER BEING EXPELLED FROM MY CURRENT UNIVERSITY,*,*,<srai>What are the conditions for transferring to the university from another Jordanian university</srai>,regesteration2.aiml
0,IS IT PERMISSIBLE FOR A STUDENT AT A PRIVATE UNIVERSITY TO TRANSFER TO THE HASHEMITE UNIVERSITY,*,*,It is possible on the parallel or international program if the transfer conditions are met #Newline        It is permissible to accept students transferring from non-Jordanian universities or private Jordanian universities who have successfully completed (33)#Newline        One credit hour for those who obtained a very good grade in the parallel or international program#Comma provided that they achieve the minimum#Newline        The minimum acceptance rate for the specialty approved by the Ministry of Higher Education.#Newline         <button>#Newline            <text>Learn more on page 16</text>#Newline            <url>https://pic.hu.edu.jo/Upload/42000000/%D8%AA%D8%B9%D9%84%D9%8A%D9%85%D8%A7%D8%AA%20%D9%85%D9%86%D8%AD%20%D8%AF%D8%B1%D8%AC%D8%A9%20%D8%A7%D9%84%D8%A8%D9%83%D8%A7%D9%84%D9%88%D8%B1%D9%8A%D9%88%D8%B3%202016%D8%A2%D8%AE%D8%B1%20%D8%AA%D8%B9%D8%AF%D9%8A%D9%84%2027-2-2019.pdf</url>#Newline        </button>,regesteration2.aiml
0,CAN I TRANSFER TO THE HASHEMITE UNIVERSITY FROM A PRIVATE UNIVERSITY,*,*,<srai>Is it permissible for a student at a private university to transfer to the Hashemite University</srai>,regesteration2.aiml
0,HOW CAN I TRANSFER FROM A PRIVATE UNIVERSITY TO THE HASHEMITE UNIVERSITY,*,*,<srai>Is it permissible for a student at a private university to transfer to the Hashemite University</srai>,regesteration2.aiml
0,^ PRIVATE UNIVERSITY TRANSFER ^,*,*,<srai>Is it permissible for a student at a private university to transfer to the Hashemite University</srai>,regesteration2.aiml
0,ARE THERE ANY RESTRICTIONS ON TRANSFERRING FROM A PRIVATE UNIVERSITY TO THE HASHEMITE UNIVERSITY,*,*,<srai>Is it permissible for a student at a private university to transfer to the Hashemite University</srai>,regesteration2.aiml
0,WHAT ARE THE REQUIREMENTS FOR TRANSFERRING FROM A PRIVATE UNIVERSITY TO THE HASHEMITE UNIVERSITY,*,*,<srai>Is it permissible for a student at a private university to transfer to the Hashemite University</srai>,regesteration2.aiml
0,IS TRANSFERRING FROM A PRIVATE UNIVERSITY TO THE HASHEMITE UNIVERSITY COMPETITIVE,*,*,<srai>Is it permissible for a student at a private university to transfer to the Hashemite University</srai>,regesteration2.aiml
0,^ PRIVATE UNIVERSITY TO HU ^,*,*,<srai>Is it permissible for a student at a private university to transfer to the Hashemite University</srai>,regesteration2.aiml
0,CAN I TRANSFER TO THE HASHEMITE UNIVERSITY IF I AM CURRENTLY STUDYING AT A PRIVATE UNIVERSITY,*,*,<srai>Is it permissible for a student at a private university to transfer to the Hashemite University</srai>,regesteration2.aiml
0,IS THERE A SPECIFIC PROCESS FOR TRANSFERRING FROM A PRIVATE UNIVERSITY TO THE HASHEMITE UNIVERSITY,*,*,<srai>Is it permissible for a student at a private university to transfer to the Hashemite University</srai>,regesteration2.aiml
0,WHAT IS THE ACCEPTANCE RATE FOR TRANSFERRING FROM A PRIVATE UNIVERSITY TO THE HASHEMITE UNIVERSITY,*,*,<srai>Is it permissible for a student at a private university to transfer to the Hashemite University</srai>,regesteration2.aiml
0,IS IT PERMISSIBLE FOR A STUDENT WHO WAS DISMISSED FROM HIS MAJOR AT ANOTHER UNIVERSITY TO BE ACCEPTED INTO THE SAME MAJOR AT THE HASHEMITE UNIVERSITY,*,*,Yes#Comma it is permissible if the student is re-accepted.#Newline        <button>#Newline            <text>Learn more on page 16</text>#Newline            <url>https://pic.hu.edu.jo/Upload/42000000/%D8%AA%D8%B9%D9%84%D9%8A%D9%85%D8%A7%D8%AA%20%D9%85%D9%86%D8%AD%20%D8%AF%D8%B1%D8%AC%D8%A9%20%D8%A7%D9%84%D8%A8%D9%83%D8%A7%D9%84%D9%88%D8%B1%D9%8A%D9%88%D8%B3%202016%D8%A2%D8%AE%D8%B1%20%D8%AA%D8%B9%D8%AF%D9%8A%D9%84%2027-2-2019.pdf</url>#Newline        </button>,regesteration2.aiml
0,CAN A STUDENT WHO WAS DISMISSED FROM ANOTHER UNIVERSITY APPLY TO THE HASHEMITE UNIVERSITY,*,*,<srai>Is it permissible for a student who was dismissed from his major at another university to be accepted into the same major at the Hashemite University</srai>,regesteration2.aiml
0,WHAT ARE THE CONDITIONS FOR A DISMISSED STUDENT TO BE ACCEPTED AT THE HASHEMITE UNIVERSITY,*,*,<srai>Is it permissible for a student who was dismissed from his major at another university to be accepted into the same major at the Hashemite University</srai>,regesteration2.aiml
0,^ DISMISSED STUDENT ACCEPTANCE ^,*,*,<srai>Is it permissible for a student who was dismissed from his major at another university to be accepted into the same major at the Hashemite University</srai>,regesteration2.aiml
0,CAN A STUDENT WHO WAS EXPELLED FROM ANOTHER UNIVERSITY JOIN THE HASHEMITE UNIVERSITY,*,*,<srai>Is it permissible for a student who was dismissed from his major at another university to be accepted into the same major at the Hashemite University</srai>,regesteration2.aiml
0,^ RE-ACCEPTANCE AFTER DISMISSAL ^,*,*,<srai>Is it permissible for a student who was dismissed from his major at another university to be accepted into the same major at the Hashemite University</srai>,regesteration2.aiml
0,CAN A STUDENT WHO FACED DISMISSAL AT ANOTHER UNIVERSITY REAPPLY TO THE HASHEMITE UNIVERSITY,*,*,<srai>Is it permissible for a student who was dismissed from his major at another university to be accepted into the same major at the Hashemite University</srai>,regesteration2.aiml
0,^ STUDENT DISMISSAL AND READMISSION ^,*,*,<srai>Is it permissible for a student who was dismissed from his major at another university to be accepted into the same major at the Hashemite University</srai>,regesteration2.aiml
0,CAN A STUDENT WHO WAS EXPELLED FROM A PREVIOUS UNIVERSITY STUDY AT THE HASHEMITE UNIVERSITY,*,*,<srai>Is it permissible for a student who was dismissed from his major at another university to be accepted into the same major at the Hashemite University</srai>,regesteration2.aiml
0,WHAT IS THE PROCESS FOR ACCEPTING A STUDENT WHO FACED DISMISSAL FROM ANOTHER UNIVERSITY,*,*,<srai>Is it permissible for a student who was dismissed from his major at another university to be accepted into the same major at the Hashemite University</srai>,regesteration2.aiml
0,^ STUDENT READMISSION ^,*,*,<srai>Is it permissible for a student who was dismissed from his major at another university to be accepted into the same major at the Hashemite University</srai>,regesteration2.aiml
0,IS IT PERMISSIBLE FOR A STUDENT WHO HAS COMPLETED THE UNIVERSITY GRADUATION REQUIREMENTS WITH A LOW GPA AND WANTS TO RAISE HIS GPA TO STUDY NEW SUBJECTS OR RE STUDY SUBJECTS IN WHICH HE OBTAINED LOW GRADES FOR THE PURPOSE OF OBTAINING A HIGHER GRADE,*,*,Yes#Comma it is permissible#Comma and this is called (postponing graduation) before receiving the documents with official approval from the Deans’ Council.#Newline        <button>#Newline            <text>Find more about</text>#Newline            <url>https://hu.edu.jo/ser/CouncilofDeans.aspx?t=0</url>#Newline        </button>,regesteration2.aiml
0,CAN A STUDENT WITH A LOW GPA POSTPONE GRADUATION TO RAISE THEIR GPA BY STUDYING NEW SUBJECTS OR RE STUDYING SUBJECTS WITH LOW GRADES,*,*,<srai>Is it permissible for a student who has completed the university graduation requirements with a low GPA and wants to raise his GPA to study new subjects or re study subjects in which he obtained low grades for the purpose of obtaining a higher grade</srai>,regesteration2.aiml
0,^ POSTPONING GRADUATION FOR GPA IMPROVEMENT ^,*,*,<srai>Is it permissible for a student who has completed the university graduation requirements with a low GPA and wants to raise his GPA to study new subjects or re-study subjects in which he obtained low grades for the purpose of obtaining a higher grade</srai>,regesteration2.aiml
0,CAN A STUDENT REQUEST TO POSTPONE GRADUATION FOR GPA ENHANCEMENT BY STUDYING NEW SUBJECTS OR RESTUDYING SUBJECTS WITH LOW GRADES,*,*,<srai>Is it permissible for a student who has completed the university graduation requirements with a low GPA and wants to raise his GPA to study new subjects or re-study subjects in which he obtained low grades for the purpose of obtaining a higher grade</srai>,regesteration2.aiml
0,WHAT IS THE PROCESS FOR POSTPONING GRADUATION TO IMPROVE GPA BY STUDYING NEW SUBJECTS OR RESTUDYING SUBJECTS WITH LOW GRADES,*,*,<srai>Is it permissible for a student who has completed the university graduation requirements with a low GPA and wants to raise his GPA to study new subjects or re study subjects in which he obtained low grades for the purpose of obtaining a higher grade</srai>,regesteration2.aiml
0,IS IT PERMISSIBLE FOR A STUDENT WHO WITHDRAWS FROM THE UNIVERSITY IN HIS FIRST SEMESTER TO RETURN TO SCHOOL,*,*,He must spend at least one semester studying and can return within four years of his withdrawal#Comma provided that he is not expelled from the university and his GPA is not less than 2.,regesteration2.aiml
